Timestamp,Source_IP,Destination_IP,Protocol,Source_Port,Destination_Port,Action
2025-03-22 00:26:08,13.247.116.73,217.66.159.32,SMTP,35127,53,DENY
2025-03-25 16:47:16,112.68.110.77,0.162.93.184,HTTP,44452,22,DENY
2025-02-27 00:49:30,198.171.197.14,133.31.136.0,ICMP,7543,53,ALLOW
2025-03-18 05:00:18,86.35.251.170,189.197.186.159,DNS,20439,22,DENY
2025-03-11 19:14:22,66.208.119.65,5.67.71.35,UDP,55071,25,ALLOW
2025-03-12 21:40:50,108.247.53.7,199.153.181.231,UDP,11902,25,DENY
2025-03-11 06:00:40,18.171.4.249,233.8.63.80,ICMP,62454,443,DENY
2025-02-27 06:49:44,197.129.1.191,172.231.20.251,FTP,28049,3389,ALLOW
2025-03-19 07:41:53,4.187.142.239,191.73.34.216,UDP,54754,5000,DENY
2025-03-26 23:33:28,57.46.111.134,116.208.36.250,DNS,16213,80,DENY
2025-03-15 16:06:54,32.210.250.80,207.241.15.6,DNS,53687,53,ALLOW
2025-03-07 03:55:11,71.67.197.70,61.248.108.227,ICMP,52157,443,DENY
2025-03-13 11:23:12,104.86.224.218,108.12.227.44,FTP,37980,3306,DENY
2025-03-12 08:16:30,77.154.156.143,154.178.136.133,HTTP,47862,25,ALLOW
2025-03-01 20:31:51,202.49.222.98,10.118.171.252,ICMP,19830,3389,ALLOW
2025-03-17 07:29:10,66.38.190.35,224.184.240.44,FTP,60566,3389,DENY
2025-03-06 05:20:19,177.83.238.69,19.138.152.252,ICMP,50546,25,DENY
2025-02-26 08:29:43,53.194.10.135,179.228.180.201,UDP,11861,80,ALLOW
2025-03-13 11:28:55,99.216.128.180,255.192.78.113,TCP,14363,21,ALLOW
2025-03-13 22:12:50,168.121.92.232,71.81.191.214,UDP,56965,25,DENY
2025-03-18 12:05:53,94.2.149.237,222.148.21.248,ICMP,7938,443,DENY
2025-03-20 13:36:54,174.189.22.102,36.112.20.141,HTTPS,25320,8080,DENY
2025-03-19 17:24:19,58.36.49.102,210.28.46.134,FTP,23900,21,DENY
2025-03-22 18:19:33,178.34.38.3,213.99.205.177,HTTP,59243,443,ALLOW
2025-03-09 12:59:54,164.170.46.111,114.32.176.123,HTTP,18621,8080,DENY
2025-03-13 10:38:14,22.42.192.104,53.230.248.116,SMTP,58500,5000,ALLOW
2025-03-09 22:54:45,217.30.206.62,126.164.169.176,HTTP,7942,3306,ALLOW
2025-02-26 10:50:43,90.254.130.232,156.46.17.255,FTP,3901,80,ALLOW
2025-03-20 19:56:31,207.186.151.226,9.224.213.204,HTTPS,38647,8080,DENY
2025-03-03 10:54:13,45.47.93.32,254.235.192.112,TCP,19046,22,ALLOW
2025-03-01 13:56:34,207.30.230.74,228.95.173.22,SMTP,40545,22,ALLOW
2025-03-08 07:45:17,152.154.252.254,28.55.204.192,SSH,53089,53,DENY
2025-03-15 07:46:52,183.216.31.63,141.205.228.21,FTP,4259,443,ALLOW
2025-03-26 17:19:21,197.92.71.125,219.166.79.71,DNS,40414,80,ALLOW
2025-03-06 09:56:44,117.52.140.51,205.222.130.226,FTP,51823,80,ALLOW
2025-03-10 11:47:51,98.216.239.74,176.160.185.1,HTTP,58186,3389,ALLOW
2025-02-25 12:35:48,47.242.4.67,230.161.104.228,DNS,29819,80,ALLOW
2025-03-11 01:56:31,215.123.18.128,210.1.139.220,UDP,46485,8080,DENY
2025-03-20 12:40:54,9.107.121.0,254.172.51.250,HTTPS,40967,80,DENY
2025-03-11 20:15:33,56.100.192.218,105.166.67.200,TCP,17953,22,DENY
2025-03-26 09:04:48,195.239.15.86,157.213.60.124,HTTP,20135,21,ALLOW
2025-03-18 04:22:43,234.157.12.182,74.105.136.237,SSH,11870,8080,ALLOW
2025-03-22 08:24:59,158.64.230.7,89.6.48.250,ICMP,50486,22,ALLOW
2025-03-07 10:16:46,131.14.110.165,247.120.25.20,SMTP,36741,25,ALLOW
2025-03-18 03:43:32,197.83.185.126,59.116.160.102,HTTPS,22735,22,DENY
2025-03-13 05:31:01,37.41.49.25,139.89.171.27,SSH,23444,5000,DENY
2025-03-03 22:07:23,60.127.124.111,96.42.213.42,TCP,25013,443,DENY
2025-03-08 13:55:20,103.228.179.84,6.241.40.49,DNS,26850,25,DENY
2025-03-26 08:11:04,60.249.179.21,233.230.158.174,HTTP,19343,21,ALLOW
2025-03-25 01:41:19,198.112.155.163,165.128.133.147,HTTPS,17188,25,DENY
2025-03-19 22:44:03,215.188.123.144,91.255.187.198,ICMP,51723,22,ALLOW
2025-02-26 23:37:05,33.177.103.134,191.222.163.225,TCP,43823,21,ALLOW
2025-02-28 19:28:54,130.89.75.197,251.98.34.78,FTP,9145,443,DENY
2025-02-25 15:55:51,46.68.75.107,114.42.216.67,ICMP,3498,21,ALLOW
2025-02-26 18:33:16,247.187.105.176,81.164.244.106,HTTP,10136,53,ALLOW
2025-02-28 12:26:48,18.69.42.119,215.146.209.124,DNS,62712,22,ALLOW
2025-03-23 03:33:14,121.154.225.71,241.26.185.19,ICMP,56086,21,ALLOW
2025-03-19 23:36:15,17.100.101.125,19.1.66.15,ICMP,1170,22,DENY
2025-03-05 19:05:51,77.84.243.230,0.243.198.218,SSH,59854,8080,DENY
2025-03-18 08:34:52,222.194.13.13,149.251.222.49,FTP,9314,53,DENY
2025-03-07 14:03:09,204.33.142.109,35.174.106.42,HTTPS,5917,22,ALLOW
2025-03-13 05:32:12,157.95.66.115,41.199.1.2,SMTP,51461,25,DENY
2025-03-14 03:08:54,244.218.129.52,145.239.12.230,FTP,58140,25,ALLOW
2025-03-16 16:22:38,194.207.111.171,244.116.146.203,SSH,53248,5000,DENY
2025-03-10 23:34:39,84.235.38.172,43.99.127.219,HTTPS,29614,3306,DENY
2025-02-27 09:31:37,1.190.58.136,239.183.211.111,UDP,51828,3389,DENY
2025-03-05 09:30:17,68.65.252.245,109.122.14.8,ICMP,17383,5000,DENY
2025-03-23 14:30:59,164.199.189.74,92.200.80.164,SMTP,52446,53,ALLOW
2025-03-25 00:43:01,38.195.243.67,85.43.213.147,HTTPS,26440,25,DENY
2025-03-10 06:58:18,145.107.90.65,225.19.35.241,DNS,36376,80,ALLOW
2025-03-28 02:29:13,198.62.123.19,19.27.10.115,SSH,13950,22,DENY
2025-03-11 12:11:02,222.20.140.101,209.14.56.240,HTTP,23682,53,DENY
2025-03-25 04:22:19,41.151.71.136,134.73.2.112,SMTP,60760,80,ALLOW
2025-03-23 01:04:43,180.38.198.128,167.5.179.158,DNS,52316,443,ALLOW
2025-03-02 10:34:47,92.224.8.49,239.90.49.85,HTTP,35966,8080,DENY
2025-03-24 00:54:45,222.205.187.220,230.19.62.92,UDP,25707,443,DENY
2025-03-17 05:04:19,199.6.85.45,243.242.226.12,UDP,46472,25,DENY
2025-03-16 03:24:09,92.145.131.73,218.153.37.74,HTTP,42581,22,DENY
2025-03-10 18:53:07,156.37.118.69,133.102.50.106,FTP,43039,21,ALLOW
2025-03-27 12:18:06,81.78.252.180,75.89.123.99,TCP,45690,22,DENY
2025-02-25 12:19:53,90.117.225.9,12.122.122.130,FTP,20647,21,ALLOW
2025-03-17 03:29:05,252.158.33.206,173.82.66.52,SMTP,39257,80,DENY
2025-03-27 09:50:45,155.56.110.106,190.91.7.213,ICMP,64081,21,ALLOW
2025-03-24 06:32:54,169.91.64.23,61.245.251.6,SMTP,11648,53,ALLOW
2025-03-25 20:26:18,136.238.162.102,150.56.217.141,UDP,23984,8080,ALLOW
2025-03-02 13:03:49,125.25.145.218,124.6.106.119,HTTPS,39903,443,DENY
2025-03-27 06:29:47,168.206.228.238,210.238.6.67,SSH,18078,3389,ALLOW
2025-03-16 01:14:21,171.14.30.223,59.203.92.153,TCP,8062,80,DENY
2025-03-17 05:33:11,183.155.100.203,55.101.230.34,HTTPS,10939,21,DENY
2025-03-26 19:41:19,139.164.209.250,229.107.67.130,DNS,65018,8080,DENY
2025-03-07 16:14:15,28.78.137.151,182.31.55.69,UDP,8727,22,DENY
2025-03-24 15:05:01,27.6.148.28,128.132.206.19,DNS,61245,22,ALLOW
2025-03-09 21:15:27,218.167.196.203,172.84.25.92,DNS,33541,8080,ALLOW
2025-03-26 23:44:52,185.255.47.34,143.74.133.93,SMTP,3730,53,DENY
2025-03-21 14:14:51,171.4.165.231,254.42.6.92,FTP,51785,8080,DENY
2025-03-20 16:20:17,0.199.87.123,39.5.103.82,DNS,55465,3389,DENY
2025-03-22 12:22:34,20.173.191.166,173.163.183.92,HTTPS,11075,22,ALLOW
2025-03-13 17:11:48,236.140.180.232,238.224.88.15,HTTPS,6433,5000,DENY
2025-03-04 00:16:16,180.236.71.242,9.190.117.188,UDP,27861,3389,ALLOW
2025-03-02 07:20:41,166.253.189.214,50.245.3.219,HTTPS,56536,8080,DENY
2025-03-12 09:10:39,7.146.56.228,43.23.218.64,ICMP,36027,443,ALLOW
2025-03-12 08:50:48,172.164.169.238,234.20.93.83,FTP,14290,22,ALLOW
2025-03-05 20:15:39,54.85.133.236,210.188.119.187,DNS,52297,25,ALLOW
2025-03-20 14:26:14,105.127.221.14,187.48.3.89,SMTP,5093,21,ALLOW
2025-03-14 20:51:56,212.156.176.183,48.15.199.44,DNS,22520,3389,DENY
2025-03-08 05:55:19,73.166.67.157,34.228.214.203,HTTPS,36327,8080,DENY
2025-03-04 15:30:10,213.153.249.40,80.233.84.180,ICMP,56063,3389,ALLOW
2025-03-16 21:18:18,206.245.245.31,102.175.46.175,HTTP,8389,8080,DENY
2025-03-02 19:26:52,1.205.158.116,172.188.236.183,FTP,30537,3306,ALLOW
2025-03-18 04:11:02,46.80.111.244,185.253.245.205,SSH,53073,443,ALLOW
2025-03-09 00:21:49,84.62.211.67,85.206.71.164,ICMP,30778,443,DENY
2025-03-23 20:00:11,137.169.48.50,200.83.100.160,TCP,28403,80,DENY
2025-03-22 17:52:56,69.148.86.45,160.35.158.67,UDP,52347,80,DENY
2025-02-27 16:42:34,72.180.151.132,151.15.22.165,UDP,38032,8080,DENY
2025-03-16 00:24:33,19.4.156.127,19.126.116.254,HTTPS,24289,21,ALLOW
2025-03-13 03:39:09,180.48.199.70,117.155.201.233,HTTP,46432,443,DENY
2025-03-13 12:55:21,124.194.62.197,59.115.103.0,ICMP,49316,22,ALLOW
2025-03-10 17:43:46,9.50.5.106,109.173.24.215,HTTPS,19733,443,DENY
2025-03-05 20:27:36,138.83.169.94,72.40.214.162,ICMP,39623,5000,ALLOW
2025-03-23 10:31:23,87.53.42.46,103.92.221.23,ICMP,43983,25,ALLOW
2025-03-01 03:50:36,59.109.205.6,118.108.200.80,TCP,19067,8080,DENY
2025-03-18 08:53:39,91.180.134.109,4.163.116.192,TCP,8949,53,DENY
2025-03-05 04:09:10,137.212.52.228,244.123.141.157,SSH,34607,80,DENY
2025-03-05 18:33:37,4.234.208.95,19.91.103.7,TCP,14672,8080,DENY
2025-03-12 09:44:02,117.82.188.107,212.106.57.90,TCP,57276,443,DENY
2025-03-09 06:57:50,12.46.60.136,215.61.116.29,DNS,35878,5000,ALLOW
2025-03-17 12:07:32,136.51.108.67,64.225.205.38,TCP,44178,80,ALLOW
2025-03-10 12:17:23,102.97.251.80,211.52.38.46,DNS,49268,80,DENY
2025-03-21 18:58:12,89.223.108.224,221.61.252.88,UDP,5065,25,ALLOW
2025-03-19 14:56:56,41.83.210.98,213.208.213.50,FTP,13992,8080,ALLOW
2025-03-01 18:38:27,67.79.237.73,138.236.119.210,FTP,48953,80,ALLOW
2025-03-15 22:59:14,38.111.14.145,45.161.36.70,FTP,16346,3389,DENY
2025-03-15 15:41:15,156.60.77.29,7.215.66.83,SMTP,44219,5000,DENY
2025-03-10 13:43:48,251.77.230.181,117.191.102.198,SSH,52253,3389,DENY
2025-03-19 11:56:12,177.111.19.39,96.98.15.71,ICMP,21792,53,ALLOW
2025-03-08 23:16:30,230.3.44.199,3.223.251.204,FTP,43892,5000,DENY
2025-03-25 08:14:47,160.207.7.110,26.14.75.91,TCP,12670,25,DENY
2025-03-12 08:13:22,128.245.21.74,210.23.95.250,SMTP,3166,5000,DENY
2025-03-07 12:38:44,72.211.178.125,245.188.238.54,SSH,27896,3306,DENY
2025-03-24 12:24:39,136.203.89.102,2.31.14.36,UDP,4643,3306,DENY
2025-03-01 20:32:12,202.128.99.162,245.151.9.146,ICMP,52894,53,ALLOW
2025-03-01 14:26:10,228.80.28.108,35.122.169.9,SSH,56963,22,ALLOW
2025-03-16 16:05:45,149.207.162.7,62.167.104.255,SMTP,6153,80,ALLOW
2025-03-27 14:33:25,62.231.66.216,253.33.204.36,ICMP,20159,22,DENY
2025-03-24 09:57:39,249.140.42.254,38.175.142.206,SSH,51653,53,ALLOW
2025-03-13 05:37:51,78.191.226.92,54.99.31.26,TCP,13068,3306,DENY
2025-03-11 14:02:43,76.28.93.170,114.129.50.119,DNS,46836,3389,ALLOW
2025-03-10 21:20:56,141.80.216.134,155.182.80.206,FTP,41707,443,ALLOW
2025-03-01 12:35:53,11.250.43.22,39.31.72.111,FTP,51829,53,ALLOW
2025-03-12 16:30:32,236.71.76.251,34.196.208.47,HTTPS,4499,3306,ALLOW
2025-03-04 05:56:24,27.134.47.85,200.227.164.31,HTTPS,13101,22,ALLOW
2025-03-19 20:55:10,0.168.194.68,247.29.73.107,HTTPS,18102,25,DENY
2025-02-27 02:17:08,156.50.70.2,232.167.7.131,HTTP,54807,80,ALLOW
2025-03-22 07:57:14,229.108.82.133,158.148.243.183,HTTP,36463,5000,ALLOW
2025-03-23 06:46:38,105.48.14.28,152.163.18.132,SSH,11622,5000,DENY
2025-03-15 17:18:49,70.190.168.36,138.63.158.203,UDP,4435,80,DENY
2025-03-05 06:16:38,197.51.87.75,149.160.37.96,TCP,39612,25,DENY
2025-03-07 01:48:06,154.108.46.224,191.104.232.99,SMTP,27187,3389,DENY
2025-03-06 23:13:16,7.255.7.15,210.11.255.190,HTTPS,27631,8080,ALLOW
2025-03-02 01:43:06,125.151.24.133,69.19.117.216,DNS,43418,25,ALLOW
2025-03-16 16:24:44,137.215.252.137,139.32.71.55,HTTP,62823,8080,ALLOW
2025-03-23 00:40:48,97.192.52.91,181.87.83.175,HTTP,21029,443,ALLOW
2025-03-19 20:06:52,62.220.255.45,159.235.25.61,UDP,57285,3306,ALLOW
2025-03-03 23:19:01,214.113.102.240,93.113.157.14,HTTP,47524,22,DENY
2025-03-13 13:38:48,25.187.136.184,109.212.148.35,DNS,43633,25,ALLOW
2025-03-07 09:23:25,211.120.42.205,231.195.83.64,HTTPS,32998,22,DENY
2025-03-09 08:08:34,65.162.67.204,39.57.79.50,DNS,20431,443,ALLOW
2025-02-28 02:53:27,114.86.43.185,155.232.196.151,ICMP,33773,80,DENY
2025-02-26 16:44:25,43.133.171.104,21.30.71.234,HTTP,25566,25,ALLOW
2025-03-18 21:29:59,196.136.123.252,67.17.227.53,SSH,49523,25,DENY
2025-02-27 17:49:08,91.196.149.58,156.120.44.243,DNS,62917,22,DENY
2025-03-14 03:02:36,77.102.65.162,132.1.137.75,FTP,3052,5000,ALLOW
2025-03-25 15:47:37,158.53.5.160,55.151.136.158,TCP,25040,53,ALLOW
2025-03-18 15:12:45,94.207.163.228,210.200.236.78,HTTP,51447,22,ALLOW
2025-03-21 15:21:22,119.215.170.51,134.143.72.253,SMTP,52640,80,DENY
2025-03-25 00:23:54,8.93.163.27,196.201.14.33,SMTP,29776,21,ALLOW
2025-03-19 00:13:48,43.195.124.225,3.24.209.94,HTTPS,63963,443,ALLOW
2025-03-13 01:11:22,198.185.35.122,131.105.198.83,FTP,26578,5000,ALLOW
2025-03-17 07:12:33,46.231.122.138,138.211.81.17,TCP,57834,443,ALLOW
2025-03-23 03:00:41,146.56.120.245,1.21.111.168,TCP,41225,53,DENY
2025-02-27 11:55:37,135.249.243.97,52.100.10.52,ICMP,50768,25,DENY
2025-03-01 10:58:19,102.245.103.37,165.42.86.176,SSH,35893,3389,ALLOW
2025-03-26 20:23:44,248.99.31.122,16.234.35.254,SMTP,3043,5000,ALLOW
2025-03-05 07:35:49,85.51.6.135,125.157.105.8,ICMP,33048,21,ALLOW
2025-03-05 20:16:11,103.56.154.109,102.176.238.68,ICMP,16442,25,ALLOW
2025-03-03 03:00:22,125.225.166.218,127.115.217.196,FTP,6208,25,ALLOW
2025-02-26 17:46:49,120.238.27.75,101.206.209.119,DNS,64544,8080,DENY
2025-03-09 06:16:33,17.70.254.34,28.140.125.210,HTTPS,33770,21,ALLOW
2025-03-08 10:42:25,41.67.90.3,23.120.198.77,TCP,14756,21,ALLOW
2025-03-18 02:25:29,27.254.146.51,222.0.143.49,ICMP,62148,21,DENY
2025-03-19 23:50:30,58.254.249.210,53.47.173.84,ICMP,17252,80,ALLOW
2025-03-09 22:16:15,216.25.145.166,248.219.252.198,SSH,37072,3306,DENY
2025-02-27 02:05:26,107.13.14.77,145.154.89.6,HTTP,24895,8080,ALLOW
2025-03-17 06:21:57,118.2.11.251,228.15.110.202,ICMP,31342,5000,ALLOW
2025-03-07 03:36:55,98.87.177.41,148.185.62.84,SMTP,7613,3306,ALLOW
2025-03-19 21:37:53,168.147.137.81,47.152.179.44,HTTP,2342,5000,ALLOW
2025-03-19 05:20:46,189.245.138.190,30.16.175.134,ICMP,18884,22,ALLOW
2025-03-10 08:00:38,90.156.229.218,2.120.37.9,SSH,19997,80,DENY
2025-03-04 12:56:10,157.235.12.158,81.152.245.114,HTTPS,34412,80,DENY
2025-03-03 08:50:39,113.178.251.233,166.129.46.125,SMTP,27487,53,ALLOW
2025-03-01 05:12:55,95.178.22.95,46.54.136.48,TCP,53088,443,ALLOW
2025-02-28 22:02:44,58.139.54.137,18.22.161.175,SMTP,59475,8080,DENY
2025-03-20 10:13:54,31.126.106.97,190.97.169.111,FTP,51396,80,DENY
2025-03-28 06:16:20,223.180.79.178,167.245.60.35,UDP,52000,8080,ALLOW
2025-03-06 09:18:39,229.83.241.68,168.50.123.210,SMTP,48224,21,DENY
2025-03-25 05:55:53,33.226.204.81,17.1.68.222,TCP,4045,3389,ALLOW
2025-03-19 22:26:54,122.199.24.112,225.247.134.110,ICMP,44019,25,DENY
2025-03-05 09:18:29,147.124.205.127,206.53.1.241,HTTPS,43860,5000,DENY
2025-03-27 02:46:08,146.92.49.158,185.34.54.96,HTTP,43608,25,DENY
2025-03-02 23:30:20,66.148.55.211,34.50.62.59,HTTPS,37174,25,DENY
2025-03-01 08:34:21,188.73.133.43,27.184.55.143,ICMP,7249,5000,DENY
2025-03-02 11:51:56,223.92.82.38,211.128.230.141,ICMP,59254,5000,DENY
2025-03-27 14:26:02,220.240.45.167,226.156.137.59,TCP,43421,3306,ALLOW
2025-03-21 02:06:18,227.63.5.17,61.211.75.63,FTP,16073,3306,ALLOW
2025-03-08 18:37:04,109.103.212.208,174.214.169.76,HTTPS,39001,25,ALLOW
2025-03-04 19:14:00,43.207.240.22,164.180.227.137,UDP,29399,22,DENY
2025-03-20 06:19:33,67.218.74.150,199.211.44.190,SSH,48184,25,ALLOW
2025-03-01 11:20:36,226.28.117.29,29.198.33.116,SMTP,31793,25,DENY
2025-03-26 01:09:38,103.245.178.14,154.225.19.161,UDP,49182,5000,DENY
2025-03-04 00:55:21,77.219.161.135,235.18.1.179,SSH,47282,5000,DENY
2025-03-09 23:07:39,214.172.245.9,15.222.74.127,HTTP,56232,53,DENY
2025-03-27 16:13:17,180.10.230.155,125.69.155.224,FTP,3153,3389,DENY
2025-02-27 02:38:10,60.54.4.96,185.202.17.149,SMTP,2864,80,DENY
2025-03-02 06:01:45,75.138.183.134,173.80.66.141,UDP,21326,25,DENY
2025-03-24 00:29:42,160.224.83.61,58.15.167.240,HTTP,42943,5000,ALLOW
2025-03-20 12:38:15,99.214.171.85,14.97.210.41,DNS,48402,3389,DENY
2025-03-07 20:48:32,68.31.110.165,204.149.65.153,HTTP,26431,3389,DENY
2025-03-16 08:22:42,160.231.219.176,73.180.45.48,TCP,33983,80,ALLOW
2025-03-12 03:05:54,105.28.94.41,210.60.24.96,FTP,21560,8080,DENY
2025-03-07 10:46:13,72.78.3.234,200.32.185.173,TCP,51177,5000,ALLOW
2025-03-22 14:38:32,244.86.95.228,219.88.133.144,SSH,4259,22,ALLOW
2025-02-25 09:11:48,27.173.63.26,162.219.171.15,UDP,1356,3389,DENY
2025-03-23 00:58:31,62.69.129.139,33.200.54.121,ICMP,44236,443,ALLOW
2025-02-27 03:26:42,251.87.195.177,72.87.35.31,TCP,20356,3389,ALLOW
2025-03-16 21:49:04,177.4.108.193,97.147.229.50,UDP,21176,80,ALLOW
2025-02-27 03:36:56,157.137.210.208,254.186.30.12,FTP,49167,21,DENY
2025-03-28 02:26:45,248.198.35.164,14.254.224.5,TCP,15540,25,ALLOW
2025-03-18 14:19:50,210.79.73.81,60.212.138.252,HTTP,59109,3389,ALLOW
2025-03-13 01:38:45,172.227.143.143,183.144.19.96,SSH,59184,80,DENY
2025-03-25 18:32:01,1.166.135.26,233.16.82.100,SMTP,37006,443,DENY
2025-03-13 11:07:44,120.215.196.157,172.133.150.194,HTTPS,13420,22,ALLOW
2025-03-26 06:35:24,22.181.209.232,189.65.6.181,UDP,9950,25,DENY
2025-03-01 16:35:14,208.143.19.23,249.132.210.172,UDP,23105,25,ALLOW
2025-02-26 16:27:09,41.88.222.168,18.71.117.161,TCP,1781,80,ALLOW
2025-03-14 03:07:28,0.7.144.240,225.205.34.165,TCP,22525,3389,DENY
2025-03-23 17:23:04,33.18.245.98,121.86.126.154,TCP,55642,443,ALLOW
2025-03-14 12:10:10,137.193.224.227,172.137.147.229,ICMP,53573,3306,ALLOW
2025-03-17 17:42:03,30.113.215.179,126.91.208.144,HTTPS,15053,443,ALLOW
2025-03-25 13:26:54,179.116.101.132,192.96.241.143,UDP,51645,80,DENY
2025-03-06 18:56:49,114.153.238.107,31.145.94.179,SMTP,24696,3389,ALLOW
2025-03-11 20:22:30,80.30.31.101,2.29.169.208,FTP,52626,443,DENY
2025-03-14 23:30:02,81.15.16.110,144.63.219.121,ICMP,25695,443,DENY
2025-03-24 18:41:06,222.88.192.206,235.226.65.205,FTP,44849,25,DENY
2025-03-15 01:44:47,41.240.192.0,54.129.137.94,SMTP,63784,3306,ALLOW
2025-03-18 01:10:31,97.147.188.152,194.20.114.185,SSH,29453,3306,ALLOW
2025-03-21 23:14:59,65.4.139.191,206.121.10.78,UDP,48637,21,ALLOW
2025-03-16 14:38:27,90.67.88.109,216.70.136.182,SSH,50253,22,ALLOW
2025-03-26 15:32:23,173.18.250.140,164.16.73.25,TCP,21908,443,ALLOW
2025-03-14 18:45:04,28.251.69.146,75.249.76.250,HTTPS,44812,5000,DENY
2025-03-26 13:24:08,38.253.81.149,70.255.134.144,DNS,61160,443,ALLOW
2025-03-13 10:42:58,155.129.79.144,237.162.13.92,TCP,51964,443,ALLOW
2025-03-13 10:06:44,115.91.163.203,221.178.152.54,SMTP,25136,3306,ALLOW
2025-03-03 03:30:40,59.28.43.26,4.29.164.142,HTTP,2704,5000,DENY
2025-02-26 02:05:42,188.140.100.118,172.10.99.22,SMTP,13688,80,DENY
2025-03-08 12:52:38,241.14.75.221,128.47.71.27,FTP,6654,5000,DENY
2025-03-22 16:09:49,123.233.177.93,102.105.86.78,DNS,58994,3389,DENY
2025-03-22 01:28:54,56.127.142.162,217.178.167.196,HTTPS,37358,3389,ALLOW
2025-03-06 13:49:45,7.241.68.192,240.130.176.143,SMTP,63526,22,ALLOW
2025-03-18 09:44:31,126.96.216.81,88.45.104.184,TCP,57224,22,ALLOW
2025-03-11 03:35:51,6.147.47.99,113.147.25.194,UDP,56987,22,DENY
2025-03-12 18:27:43,62.173.87.142,1.172.70.192,HTTP,5467,8080,DENY
2025-03-02 18:04:22,11.167.145.9,156.156.9.165,ICMP,19339,5000,DENY
2025-03-07 23:55:23,192.102.32.132,65.132.197.83,TCP,52487,443,DENY
2025-03-23 19:03:01,197.40.126.121,19.216.224.71,DNS,30806,8080,ALLOW
2025-03-10 10:57:14,86.240.46.215,27.55.249.74,DNS,63557,22,ALLOW
2025-03-10 22:06:02,46.90.245.93,14.235.58.136,SMTP,11850,8080,ALLOW
2025-03-03 12:18:14,13.228.124.58,6.89.106.207,SSH,8708,3306,DENY
2025-03-04 02:37:48,26.26.171.197,91.221.61.238,SSH,58213,5000,DENY
2025-03-02 03:22:58,107.242.197.79,160.155.89.41,HTTPS,65101,5000,DENY
2025-03-17 14:31:13,99.146.28.27,132.81.238.66,SSH,30792,3389,DENY
2025-03-09 21:02:56,142.33.158.63,248.39.23.10,ICMP,12560,21,ALLOW
2025-03-06 11:30:17,234.7.157.163,73.118.42.6,ICMP,38489,3389,DENY
2025-02-28 08:00:02,45.255.83.228,14.108.38.52,FTP,53421,443,DENY
2025-03-25 07:18:45,75.40.239.97,117.203.246.228,ICMP,33585,22,ALLOW
2025-03-02 14:10:02,249.246.149.65,189.115.252.23,DNS,52868,22,ALLOW
2025-03-18 05:17:54,205.161.77.61,183.101.190.23,SSH,50733,80,ALLOW
2025-03-15 09:16:30,194.73.124.158,123.237.216.243,HTTP,36065,25,ALLOW
2025-03-19 15:04:28,11.61.107.128,14.168.138.209,ICMP,13317,22,DENY
2025-03-22 02:13:36,181.141.172.28,218.76.47.15,UDP,18394,3389,ALLOW
2025-03-14 13:48:15,36.5.103.212,96.207.188.170,ICMP,34328,21,DENY
2025-03-01 01:14:48,171.34.246.35,236.150.92.210,TCP,8283,25,DENY
2025-03-14 20:10:39,91.102.41.83,121.33.63.56,ICMP,45801,22,ALLOW
2025-03-23 01:59:09,45.89.148.18,241.153.224.163,TCP,11520,22,ALLOW
2025-03-25 20:05:19,28.31.25.253,218.255.52.36,TCP,21725,443,ALLOW
2025-03-28 02:33:04,74.214.227.39,182.104.113.33,FTP,4010,21,DENY
2025-03-05 14:25:10,5.95.139.96,233.74.243.36,UDP,64572,53,DENY
2025-02-27 02:56:48,92.161.217.57,5.222.193.125,DNS,53987,22,ALLOW
2025-03-14 04:57:55,211.198.59.86,90.25.187.1,DNS,4067,21,DENY
2025-03-06 06:49:05,203.165.30.120,165.98.108.165,FTP,4966,53,DENY
2025-03-04 03:09:40,3.230.54.62,198.108.201.210,UDP,18899,3389,DENY
2025-03-16 15:16:10,112.82.188.127,15.65.2.58,SMTP,58523,3389,DENY
2025-02-26 22:10:31,179.216.230.186,24.197.163.72,ICMP,59902,8080,DENY
2025-03-12 20:02:49,57.244.213.3,237.226.37.43,ICMP,57546,5000,ALLOW
2025-02-26 00:51:31,53.51.79.74,196.240.51.127,UDP,54974,53,ALLOW
2025-03-22 00:21:15,163.147.87.175,248.88.170.47,HTTP,46711,21,DENY
2025-03-02 02:55:57,45.201.220.90,147.10.216.53,SMTP,16202,21,DENY
2025-02-25 23:33:02,36.197.81.189,119.234.156.177,FTP,11030,21,DENY
2025-02-27 15:03:16,29.72.39.46,128.45.24.61,SSH,63927,80,ALLOW
2025-03-16 07:23:48,112.142.164.43,205.170.104.222,UDP,24317,5000,DENY
2025-03-11 18:41:15,170.239.114.118,96.237.201.218,SSH,28734,21,ALLOW
2025-03-10 05:04:18,112.130.22.232,191.143.44.196,UDP,31796,8080,DENY
2025-03-05 00:09:28,7.14.50.91,147.159.212.172,SSH,9511,3389,ALLOW
2025-03-17 04:48:37,168.133.104.41,102.44.28.47,FTP,40721,3306,DENY
2025-02-26 13:05:20,213.35.100.17,109.231.88.159,SSH,43352,21,ALLOW
2025-03-22 16:08:30,148.168.94.159,213.206.122.239,FTP,38375,3389,ALLOW
2025-03-02 06:45:02,177.33.247.211,138.116.131.39,TCP,42284,443,DENY
2025-03-16 00:13:43,23.38.77.216,94.3.152.199,HTTP,48667,22,DENY
2025-03-23 03:25:37,191.13.115.15,6.18.244.141,ICMP,3872,21,DENY
2025-03-22 15:26:51,62.6.60.48,150.39.0.57,ICMP,20025,8080,ALLOW
2025-03-06 00:54:03,126.142.81.91,75.166.42.46,DNS,15547,53,DENY
2025-03-26 15:45:42,163.0.57.93,50.181.89.153,HTTPS,61334,80,ALLOW
2025-03-02 04:15:01,128.148.11.175,215.110.38.34,SMTP,21241,5000,DENY
2025-03-04 04:22:18,239.88.62.116,68.116.12.59,TCP,30696,22,DENY
2025-03-20 21:00:43,3.38.200.232,30.55.79.53,SMTP,4098,443,DENY
2025-03-14 17:15:15,31.203.99.128,28.241.160.134,TCP,44627,8080,DENY
2025-03-13 19:49:02,86.7.144.6,137.184.131.250,TCP,6806,22,ALLOW
2025-03-18 23:03:03,215.205.245.147,247.198.59.174,UDP,18155,21,ALLOW
2025-03-06 15:37:33,255.154.17.6,17.37.151.37,HTTPS,49701,25,DENY
2025-03-01 00:47:11,74.22.210.234,247.202.157.34,HTTP,53654,53,ALLOW
2025-02-26 22:29:27,104.240.104.57,51.108.110.8,ICMP,57000,5000,DENY
2025-03-26 17:50:19,216.110.70.94,227.18.27.164,HTTPS,31990,5000,ALLOW
2025-03-25 12:21:26,222.185.158.19,169.242.58.211,TCP,45908,80,ALLOW
2025-03-26 02:22:16,62.82.105.87,68.35.70.0,SSH,3845,5000,DENY
2025-03-25 19:16:17,64.170.135.206,235.30.33.153,SMTP,29878,80,ALLOW
2025-03-08 11:46:23,190.8.19.64,60.27.176.191,ICMP,36308,3306,ALLOW
2025-03-26 10:18:13,10.247.110.254,99.132.31.107,FTP,47308,25,ALLOW
2025-02-28 21:39:37,117.153.116.57,141.191.208.27,SSH,52351,22,DENY
2025-02-25 14:47:01,13.16.58.31,228.24.139.83,SSH,62640,3389,DENY
2025-03-22 03:25:02,27.85.88.123,166.41.22.70,DNS,62868,443,DENY
2025-03-01 22:30:25,201.217.198.117,109.216.59.98,UDP,22823,3306,ALLOW
2025-02-27 16:48:59,251.210.82.17,156.214.227.154,HTTP,44026,5000,ALLOW
2025-03-23 09:56:12,81.101.239.87,174.237.250.29,HTTP,10034,53,ALLOW
2025-03-04 18:33:54,239.67.72.104,4.145.22.138,DNS,52235,21,ALLOW
2025-03-17 03:43:28,39.55.191.99,135.164.80.183,HTTP,43226,25,DENY
2025-03-08 21:11:05,12.41.55.158,188.12.191.59,SSH,2898,443,ALLOW
2025-02-28 11:27:21,125.39.30.107,26.226.173.152,ICMP,45346,22,ALLOW
2025-02-28 12:05:14,117.123.189.173,64.136.255.240,FTP,59875,3306,DENY
2025-03-06 22:47:59,99.151.255.34,38.133.13.250,UDP,10085,25,DENY
2025-03-26 04:58:32,63.87.247.132,91.221.182.40,ICMP,15812,53,DENY
2025-03-11 23:16:55,164.206.51.133,234.187.102.214,ICMP,31881,21,ALLOW
2025-03-27 12:05:56,73.162.171.216,53.138.209.110,DNS,52949,5000,DENY
2025-03-21 05:28:29,189.132.64.250,247.83.36.40,DNS,27473,443,ALLOW
2025-03-09 12:40:38,135.238.22.168,188.245.46.173,SMTP,28035,53,ALLOW
2025-03-12 08:01:21,182.59.198.36,180.206.61.232,HTTPS,37283,3389,ALLOW
2025-03-02 03:12:08,9.237.31.121,62.33.206.100,UDP,3173,8080,ALLOW
2025-03-17 19:18:04,9.125.60.63,12.71.36.100,TCP,59309,8080,ALLOW
2025-03-07 21:41:22,13.175.155.225,218.16.163.105,HTTPS,42723,25,ALLOW
2025-03-07 10:55:07,189.219.122.144,190.121.11.223,FTP,28514,22,DENY
2025-03-05 04:50:50,195.255.106.248,110.15.91.175,HTTP,6662,80,ALLOW
2025-03-11 02:17:08,7.184.128.128,224.154.54.129,ICMP,51836,80,DENY
2025-03-10 20:34:22,12.105.8.236,104.188.37.90,UDP,23785,3306,ALLOW
2025-03-07 19:59:50,180.246.51.183,50.179.71.114,UDP,19548,22,ALLOW
2025-03-07 14:07:04,50.134.6.184,152.40.244.194,FTP,53111,21,DENY
2025-03-18 07:52:18,2.0.82.102,11.223.251.153,FTP,42073,443,DENY
2025-02-25 21:55:14,10.250.47.248,27.151.128.99,HTTPS,55810,53,ALLOW
2025-03-26 14:45:37,130.29.19.169,131.203.193.210,UDP,49020,22,ALLOW
2025-03-17 09:44:08,100.68.54.170,102.55.233.106,HTTP,62977,3389,DENY
2025-03-18 09:39:33,136.116.67.42,218.95.143.90,DNS,65496,3389,DENY
2025-03-17 02:21:32,177.56.210.115,6.212.42.158,ICMP,18679,3389,DENY
2025-03-03 01:16:50,133.164.215.114,234.203.123.4,SMTP,16337,25,ALLOW
2025-03-16 00:40:21,167.96.137.178,225.228.191.85,SMTP,36529,21,DENY
2025-03-18 20:02:22,32.75.41.73,213.233.157.34,ICMP,33440,25,DENY
2025-03-01 17:07:15,228.151.10.62,176.16.55.188,DNS,21249,3306,DENY
2025-03-07 04:35:35,61.184.198.52,158.172.71.173,ICMP,22061,443,DENY
2025-03-25 00:27:56,146.164.155.29,12.170.180.128,SMTP,56313,5000,ALLOW
2025-02-28 20:28:03,214.192.21.64,171.186.188.243,HTTPS,57242,22,ALLOW
2025-03-11 10:25:13,193.79.246.198,178.251.127.52,HTTP,57532,22,DENY
2025-03-02 10:30:09,160.197.107.248,75.220.105.172,SSH,1614,3389,DENY
2025-03-01 07:15:51,199.170.118.133,217.119.161.43,ICMP,44131,443,ALLOW
2025-03-07 09:14:22,131.136.220.24,118.246.115.91,ICMP,44566,8080,DENY
2025-03-06 22:08:12,77.94.229.95,94.230.194.218,ICMP,49214,25,DENY
2025-03-10 20:29:54,102.201.126.60,178.125.218.39,HTTPS,29369,25,DENY
2025-03-11 19:29:11,2.72.92.203,161.205.17.196,SSH,61879,22,ALLOW
2025-03-11 00:34:02,198.97.189.28,114.102.142.126,HTTPS,33938,5000,ALLOW
2025-03-20 17:40:32,56.98.47.134,12.182.214.192,TCP,58434,21,ALLOW
2025-02-28 05:38:44,219.20.232.95,93.145.152.175,SSH,24797,25,ALLOW
2025-03-28 02:51:05,76.53.22.35,171.181.3.88,TCP,26897,25,DENY
2025-02-26 14:14:38,71.11.241.166,252.234.185.180,FTP,30317,3389,DENY
2025-03-23 13:50:00,237.69.152.68,60.158.59.140,HTTP,22389,5000,ALLOW
2025-02-26 07:34:50,190.169.72.242,199.238.185.57,SSH,54625,22,DENY
2025-03-17 12:52:31,2.100.160.214,66.229.82.254,FTP,63917,3389,ALLOW
2025-03-07 13:09:15,7.188.204.0,209.238.203.205,HTTP,64762,21,ALLOW
2025-02-25 22:36:29,188.240.97.214,101.134.4.254,FTP,61603,25,DENY
2025-03-09 11:57:21,11.254.146.28,15.76.158.70,SSH,40549,25,ALLOW
2025-03-09 07:39:19,221.24.212.29,224.183.133.92,DNS,25476,3306,ALLOW
2025-03-19 01:57:37,122.184.10.62,105.134.90.248,DNS,38231,5000,DENY
2025-03-10 19:48:11,210.82.29.206,7.162.17.82,FTP,21578,22,DENY
2025-03-12 14:28:50,69.221.52.106,25.8.1.50,UDP,31426,443,DENY
2025-03-12 09:37:37,49.243.25.180,165.122.149.146,HTTPS,2168,3306,ALLOW
2025-03-16 20:26:02,208.166.217.99,11.235.68.21,HTTPS,35176,443,ALLOW
2025-03-20 14:36:05,106.102.247.17,139.157.29.40,HTTPS,4894,25,ALLOW
2025-03-10 14:37:40,6.194.9.39,206.249.97.61,FTP,46420,3306,DENY
2025-03-02 13:50:06,193.137.25.33,74.21.65.185,TCP,44968,443,DENY
2025-03-24 22:44:32,29.99.104.183,79.47.165.210,HTTPS,20704,8080,DENY
2025-02-27 17:33:45,26.37.246.117,143.216.222.102,UDP,63738,443,ALLOW
2025-03-24 20:43:22,211.70.234.80,204.136.245.88,HTTPS,46422,3389,ALLOW
2025-03-20 03:24:09,90.198.65.211,171.127.187.9,HTTPS,33321,443,DENY
2025-03-23 14:46:30,137.128.239.54,232.39.57.20,HTTPS,40965,80,ALLOW
2025-03-22 06:59:33,88.182.172.117,249.120.154.73,ICMP,57836,3306,DENY
2025-03-27 07:45:43,31.56.68.1,82.101.153.213,DNS,36233,21,DENY
2025-03-13 00:56:54,13.55.123.172,40.243.241.74,HTTP,47545,8080,DENY
2025-02-28 12:40:48,246.239.78.117,133.211.115.38,TCP,36453,443,DENY
2025-03-06 02:11:34,240.10.28.103,30.117.155.66,HTTPS,47206,53,DENY
2025-03-15 20:42:47,32.66.249.168,26.108.37.248,UDP,8567,53,ALLOW
2025-03-19 21:26:11,31.227.215.125,17.8.92.64,HTTPS,51574,22,ALLOW
2025-03-09 22:09:02,77.161.93.77,103.29.41.69,SMTP,48949,22,DENY
2025-02-27 17:48:04,74.170.202.59,94.135.217.152,DNS,21408,22,ALLOW
2025-03-07 10:20:46,64.206.132.7,234.234.78.69,UDP,18289,8080,DENY
2025-03-12 23:29:38,234.189.206.231,87.199.204.41,TCP,45379,8080,DENY
2025-03-20 18:50:42,30.1.77.158,104.91.91.135,HTTPS,19556,21,DENY
2025-02-25 15:52:26,217.206.173.131,75.47.55.186,FTP,13510,5000,DENY
2025-03-25 15:50:15,212.192.139.55,182.131.174.75,DNS,21684,3389,DENY
2025-03-17 09:12:00,50.88.153.60,126.231.145.18,HTTPS,60243,25,DENY
2025-03-17 02:54:21,113.156.254.89,25.203.157.64,HTTP,19056,8080,DENY
2025-02-27 15:41:44,73.78.149.141,105.26.250.233,ICMP,7493,443,DENY
2025-03-17 02:21:37,124.1.117.253,205.178.181.194,SMTP,53293,22,ALLOW
2025-02-26 04:01:59,154.68.18.186,129.49.167.192,TCP,24361,21,ALLOW
2025-03-13 21:20:01,122.148.81.129,206.69.44.227,SSH,25846,22,ALLOW
2025-03-14 05:25:01,180.156.134.71,61.26.170.219,TCP,43450,25,ALLOW
2025-03-12 14:40:34,247.87.201.83,17.214.188.39,HTTP,32611,80,DENY
2025-03-12 09:27:34,46.211.246.185,162.212.244.7,DNS,43289,21,DENY
2025-03-27 06:12:29,192.35.28.60,49.66.87.195,FTP,10196,53,ALLOW
2025-03-07 15:06:36,224.48.113.119,26.131.137.201,ICMP,60279,3389,ALLOW
2025-03-19 21:58:35,210.39.68.109,28.233.206.114,DNS,56886,21,DENY
2025-03-15 06:00:37,137.137.240.169,26.104.132.82,ICMP,21477,22,ALLOW
2025-03-27 11:34:31,232.209.22.19,61.185.101.44,FTP,16546,80,ALLOW
2025-03-14 23:06:04,101.150.18.139,88.9.103.220,SSH,56634,21,DENY
2025-03-14 20:59:46,193.21.248.152,125.220.224.198,DNS,27520,8080,ALLOW
2025-03-01 15:23:12,35.156.58.95,215.6.31.12,DNS,56913,443,DENY
2025-03-06 11:00:22,186.145.209.1,97.23.145.25,HTTPS,18655,3389,ALLOW
2025-03-08 12:19:56,206.218.53.166,182.6.33.207,ICMP,21163,53,DENY
2025-03-07 05:18:27,191.63.150.49,26.224.228.152,ICMP,48883,443,ALLOW
2025-03-03 04:48:38,25.211.245.186,156.230.127.94,DNS,39405,21,DENY
2025-03-20 04:40:31,159.228.195.246,33.189.76.112,TCP,2278,3389,DENY
2025-03-24 01:36:50,205.11.236.35,78.248.224.5,HTTPS,26003,21,DENY
2025-03-27 03:44:17,228.167.199.226,56.144.110.51,FTP,14407,22,ALLOW
2025-03-02 01:43:28,160.81.163.197,43.38.204.189,SMTP,52257,8080,ALLOW
2025-03-13 07:23:38,23.215.175.221,3.152.215.189,SMTP,29325,53,DENY
2025-03-05 17:12:32,222.114.4.79,166.96.79.41,DNS,57080,53,DENY
2025-03-05 18:01:07,183.26.202.192,172.152.212.137,DNS,52746,8080,ALLOW
2025-03-20 15:37:09,172.8.10.35,201.245.229.129,SSH,36883,25,DENY
2025-03-18 07:59:32,228.216.73.236,181.124.66.60,SMTP,38222,3306,DENY
2025-02-28 22:53:50,37.70.240.134,13.242.129.242,DNS,63237,21,DENY
2025-03-14 03:22:08,20.93.84.1,128.4.199.181,SSH,44246,443,ALLOW
2025-02-27 18:00:58,51.229.182.57,243.93.224.17,FTP,49800,443,ALLOW
2025-03-19 19:37:30,125.184.238.121,39.196.75.109,ICMP,61773,443,ALLOW
2025-03-18 15:00:09,108.153.19.2,252.147.14.185,HTTPS,20014,53,DENY
2025-03-25 01:59:29,168.113.192.57,215.120.196.105,TCP,40931,3389,DENY
2025-02-27 09:23:24,242.217.70.46,15.96.195.110,FTP,6532,21,DENY
2025-03-18 23:49:47,110.58.26.208,96.218.132.97,SSH,12307,5000,DENY
2025-03-25 10:23:01,8.200.52.251,56.90.126.64,DNS,32539,3306,DENY
2025-03-12 01:19:56,207.131.33.233,36.143.195.58,HTTP,21410,3306,ALLOW
2025-03-20 04:49:06,203.156.178.212,174.129.94.217,DNS,11594,3389,DENY
2025-03-22 19:33:25,209.158.187.32,250.55.59.138,UDP,19558,25,DENY
2025-03-19 15:14:51,26.190.173.46,234.170.42.209,ICMP,56955,22,ALLOW
2025-03-23 08:43:30,44.47.43.55,31.61.102.161,SSH,8442,3306,ALLOW
2025-03-10 20:31:01,196.112.89.152,93.235.200.66,SSH,29630,22,DENY
2025-03-04 09:15:55,63.191.182.164,120.222.52.145,HTTPS,15700,22,DENY
2025-03-07 19:07:17,232.117.15.237,231.15.73.104,HTTP,42253,22,ALLOW
2025-03-02 10:33:10,148.20.49.19,240.125.95.58,UDP,64355,5000,ALLOW
2025-03-15 20:47:06,116.225.112.233,206.168.161.124,SSH,6899,21,ALLOW
2025-03-16 21:36:35,16.250.70.33,167.205.62.132,DNS,48525,80,ALLOW
2025-02-27 19:02:11,52.230.62.205,41.210.187.145,UDP,65004,53,ALLOW
2025-03-05 01:37:40,58.64.172.49,103.44.16.206,UDP,22877,5000,DENY
2025-03-25 04:27:45,138.78.243.3,184.108.218.237,SSH,16898,80,ALLOW
2025-03-27 22:20:43,52.170.61.194,114.72.29.157,UDP,36177,53,DENY
2025-03-22 08:45:57,229.45.224.223,208.51.233.172,SSH,61202,80,ALLOW
2025-03-09 17:13:31,199.124.99.103,184.158.26.251,SMTP,3571,22,ALLOW
2025-03-21 22:49:23,81.173.143.2,50.218.205.179,FTP,65364,80,ALLOW
2025-03-14 11:05:49,205.81.133.243,219.75.158.22,SSH,51585,25,ALLOW
2025-02-27 09:15:22,214.238.30.101,35.213.54.131,UDP,14238,53,DENY
2025-03-23 08:13:23,68.53.27.79,41.198.105.160,HTTP,11837,443,DENY
2025-02-26 09:54:56,46.156.254.174,149.96.181.134,SSH,45726,5000,ALLOW
2025-03-16 03:15:33,42.0.66.235,225.101.224.67,HTTPS,7291,22,DENY
2025-03-14 12:29:03,253.153.84.229,240.51.211.44,DNS,39246,3389,ALLOW
2025-02-26 04:25:19,208.165.60.197,15.149.45.6,HTTPS,40630,53,ALLOW
2025-03-19 12:48:24,244.153.44.173,31.53.212.252,HTTPS,19129,8080,ALLOW
2025-03-15 14:58:38,96.204.145.135,196.107.120.17,HTTPS,45270,3389,DENY
2025-03-10 12:13:42,85.200.171.255,67.208.245.93,UDP,40839,22,DENY
2025-03-25 14:52:55,90.56.245.60,193.230.159.5,DNS,59515,3306,DENY
2025-03-12 21:11:32,172.147.135.188,95.233.202.129,HTTP,30121,8080,ALLOW
2025-03-08 07:05:19,194.185.114.236,80.158.153.242,HTTP,6046,21,ALLOW
2025-03-18 07:59:40,220.119.28.74,98.187.46.143,DNS,32977,5000,DENY
2025-03-27 02:45:41,234.183.5.65,38.231.240.78,HTTP,30506,22,DENY
2025-03-16 11:40:46,26.25.198.218,117.169.66.52,FTP,17449,443,ALLOW
2025-03-21 22:25:47,107.45.163.115,197.230.204.170,DNS,4962,80,ALLOW
2025-03-18 19:41:09,163.93.56.138,83.77.143.173,SSH,13151,53,ALLOW
2025-03-10 12:57:50,220.123.25.165,236.174.94.142,TCP,45191,3306,DENY
2025-02-28 00:20:33,206.39.207.145,60.176.181.228,HTTPS,54469,8080,DENY
2025-03-06 23:09:43,231.39.107.63,11.1.31.101,SSH,21435,3389,ALLOW
2025-03-23 05:15:22,86.238.176.48,235.158.230.191,FTP,50161,443,ALLOW
2025-03-28 00:25:59,216.86.224.151,67.6.41.2,SSH,53580,21,DENY
2025-03-11 09:42:39,208.193.125.190,105.134.231.37,UDP,7453,3306,DENY
2025-03-27 07:57:24,156.215.20.252,11.60.109.199,SMTP,51984,3306,DENY
2025-03-05 12:52:56,138.95.9.118,148.104.190.173,FTP,15792,3389,ALLOW
2025-03-06 02:00:14,136.118.126.196,88.167.44.23,UDP,38228,443,ALLOW
2025-03-12 06:59:03,96.79.247.9,250.98.132.195,TCP,2820,5000,ALLOW
2025-03-11 07:17:41,197.58.203.38,121.113.160.79,SMTP,45144,8080,DENY
2025-03-25 10:44:25,8.14.133.161,217.202.154.117,HTTPS,43435,80,DENY
2025-03-27 21:37:06,132.45.199.125,43.41.211.118,SMTP,53999,3306,DENY
2025-03-27 04:48:28,220.83.43.247,97.24.229.220,HTTPS,26036,21,ALLOW
2025-02-27 03:20:16,121.75.235.113,30.238.245.47,ICMP,2631,3306,ALLOW
2025-03-19 04:49:37,125.130.237.254,251.58.152.183,SMTP,62702,3306,DENY
2025-03-15 08:25:43,12.149.152.233,38.74.220.205,SMTP,2991,25,DENY
2025-03-11 06:23:47,206.10.13.197,201.152.97.89,SSH,8502,8080,DENY
2025-03-14 06:18:29,94.166.136.8,122.102.147.177,TCP,11075,3306,ALLOW
2025-03-03 21:24:53,87.172.241.50,73.76.220.14,ICMP,14891,3306,DENY
2025-03-15 22:15:55,10.44.97.197,113.241.238.23,ICMP,5937,25,DENY
2025-03-19 22:03:55,63.78.69.122,246.50.46.242,ICMP,41660,3389,DENY
2025-03-02 14:27:32,159.23.228.180,223.165.190.232,SSH,57045,80,ALLOW
2025-03-11 02:26:40,134.105.34.16,114.55.79.102,HTTP,24358,53,DENY
2025-03-04 15:26:33,77.47.95.252,34.163.38.193,SSH,21542,3306,ALLOW
2025-02-27 05:36:48,97.152.191.152,114.68.153.83,FTP,2491,22,ALLOW
2025-03-06 02:22:07,70.218.167.236,234.163.87.115,UDP,25436,8080,DENY
2025-03-27 17:08:26,21.251.192.48,101.130.49.13,SMTP,53713,443,ALLOW
2025-03-02 05:59:21,84.155.112.111,206.78.245.9,DNS,10863,80,ALLOW
2025-03-04 00:17:01,145.222.238.123,3.58.225.231,FTP,25335,21,ALLOW
2025-03-12 11:27:52,233.176.184.87,153.146.208.83,ICMP,42598,25,ALLOW
2025-03-01 15:19:10,125.59.76.173,105.142.165.236,FTP,61465,5000,ALLOW
2025-03-10 04:57:41,125.84.59.238,156.84.80.172,SMTP,29741,53,ALLOW
2025-03-21 22:39:09,234.35.163.142,152.99.232.208,SSH,1348,443,ALLOW
2025-03-25 00:08:00,132.111.191.224,5.144.112.184,UDP,29663,443,DENY
2025-03-24 00:09:24,10.97.37.158,13.0.74.62,SSH,6584,80,ALLOW
2025-03-17 08:54:37,67.112.238.68,163.219.164.147,SSH,32080,5000,ALLOW
2025-03-04 12:18:39,191.5.188.162,231.156.33.131,SSH,17074,443,ALLOW
2025-03-15 18:43:02,153.213.63.217,231.139.136.45,HTTPS,11536,3389,DENY
2025-03-07 11:52:45,6.125.62.140,60.35.166.93,DNS,12193,21,ALLOW
2025-03-12 06:07:19,45.254.115.191,200.162.253.255,UDP,27014,25,DENY
2025-03-20 05:09:56,88.86.128.13,193.213.132.102,SMTP,3580,22,ALLOW
2025-03-04 11:24:39,167.132.158.77,218.8.244.199,DNS,40524,5000,DENY
2025-03-02 18:36:42,231.43.149.219,180.84.11.17,DNS,9721,3306,ALLOW
2025-02-26 01:15:44,177.177.229.223,76.186.89.63,HTTPS,15803,22,DENY
2025-03-20 11:53:06,138.85.48.234,172.32.187.157,DNS,19177,3306,ALLOW
2025-03-25 12:02:15,222.167.0.98,57.47.227.215,HTTPS,50930,21,ALLOW
2025-03-26 12:14:33,173.5.69.128,159.241.176.150,ICMP,25611,3389,ALLOW
2025-03-02 07:05:31,85.62.136.33,138.63.193.12,UDP,11536,3389,DENY
2025-03-12 12:10:35,104.162.61.113,246.3.30.228,HTTP,63706,25,DENY
2025-02-26 16:50:41,96.138.85.178,1.187.217.209,HTTPS,52010,8080,DENY
2025-03-22 09:01:35,238.167.4.61,196.53.129.241,HTTPS,46257,53,ALLOW
2025-03-05 07:35:03,13.90.42.164,71.148.97.136,UDP,2961,25,DENY
2025-03-28 03:21:56,205.110.137.188,87.54.210.199,DNS,22100,21,ALLOW
2025-03-21 13:51:48,117.195.243.216,129.163.237.96,DNS,5198,80,ALLOW
2025-03-08 00:32:28,59.9.76.202,42.136.204.104,TCP,50936,53,DENY
2025-03-04 07:51:35,210.193.153.216,100.75.122.172,HTTPS,63290,3306,ALLOW
2025-03-11 03:03:38,156.11.184.96,70.76.126.46,TCP,45737,8080,ALLOW
2025-03-24 00:09:08,14.234.246.194,56.113.47.195,HTTPS,58627,8080,ALLOW
2025-03-21 19:41:13,60.116.44.28,19.148.209.224,HTTPS,36626,5000,DENY
2025-03-10 11:51:04,82.21.189.44,56.211.68.128,HTTP,26221,5000,DENY
2025-03-19 16:48:22,239.250.102.252,224.81.173.119,SMTP,6547,80,ALLOW
2025-02-27 23:36:49,8.148.85.248,41.152.142.194,UDP,61193,25,DENY
2025-03-12 09:46:43,18.252.28.207,201.61.136.175,FTP,15788,21,ALLOW
2025-03-22 17:05:37,105.70.150.36,162.98.26.131,SMTP,46175,3306,DENY
2025-03-07 03:50:47,155.178.216.91,42.141.99.194,SSH,42748,3306,DENY
2025-03-17 16:10:16,166.201.126.18,78.16.121.197,HTTP,36283,5000,DENY
2025-03-16 23:37:47,181.103.213.213,171.234.198.183,FTP,59054,443,DENY
2025-03-07 20:50:01,196.128.141.59,117.109.90.160,UDP,32294,443,ALLOW
2025-03-27 23:48:56,42.80.6.85,39.150.73.214,ICMP,28948,3389,DENY
2025-03-20 13:10:41,28.218.143.166,19.13.155.196,UDP,64298,80,DENY
2025-03-15 14:17:09,206.140.169.250,80.204.71.255,HTTP,50578,21,DENY
2025-03-06 05:11:19,181.109.241.132,68.140.53.25,SSH,53343,53,DENY
2025-03-04 03:19:14,20.68.73.153,12.151.123.9,FTP,58739,22,DENY
2025-03-11 06:59:59,182.183.27.93,52.235.203.46,SMTP,55939,25,DENY
2025-03-26 18:55:52,86.48.114.163,23.143.213.186,HTTPS,58452,80,ALLOW
2025-03-13 17:58:34,46.103.231.37,85.225.202.37,ICMP,58347,80,ALLOW
2025-03-17 18:16:30,117.172.15.63,134.6.129.101,HTTP,53518,3306,ALLOW
2025-02-28 17:57:02,233.95.24.48,247.107.196.108,TCP,4460,25,ALLOW
2025-03-12 10:30:01,1.30.139.208,209.191.235.18,ICMP,27625,25,ALLOW
2025-03-12 16:27:05,48.223.67.201,140.9.40.49,UDP,64444,53,ALLOW
2025-03-17 14:32:18,40.224.174.92,247.40.163.6,SSH,19780,22,ALLOW
2025-03-16 02:22:47,118.250.242.96,195.233.123.218,HTTPS,15474,53,DENY
2025-03-27 00:33:59,121.10.96.215,191.51.192.174,UDP,23147,3306,ALLOW
2025-03-23 22:42:54,85.45.163.93,77.232.233.255,ICMP,13017,25,ALLOW
2025-03-18 17:58:25,19.156.209.155,151.62.233.198,HTTPS,28532,21,DENY
2025-03-14 22:51:26,198.30.102.21,166.222.188.25,FTP,45887,3389,ALLOW
2025-03-11 12:13:07,101.251.134.158,226.153.135.138,SMTP,42027,21,ALLOW
2025-03-20 07:24:01,210.150.23.241,173.29.227.20,FTP,31210,25,ALLOW
2025-03-25 13:04:31,108.145.174.60,96.168.177.244,TCP,55678,80,ALLOW
2025-03-23 21:15:34,154.14.15.225,96.62.44.51,HTTPS,1987,5000,ALLOW
2025-03-10 02:14:08,79.231.81.97,38.196.242.64,FTP,63634,80,DENY
2025-03-12 16:32:00,40.100.204.21,69.64.28.236,SSH,36215,25,ALLOW
2025-03-27 11:43:30,243.7.235.148,134.51.146.108,FTP,38891,3389,DENY
2025-03-21 23:36:30,101.70.226.201,132.122.250.85,SMTP,61225,443,ALLOW
2025-02-28 21:03:35,12.215.159.212,78.108.64.194,SMTP,15061,53,DENY
2025-03-20 21:39:49,63.199.15.43,211.201.153.128,TCP,50608,80,ALLOW
2025-03-01 15:48:08,188.14.60.255,37.130.153.235,TCP,11369,443,ALLOW
2025-03-10 16:46:04,89.202.129.54,88.143.204.132,SMTP,31677,3306,DENY
2025-03-18 02:02:19,69.254.231.189,219.240.16.8,DNS,64487,8080,DENY
2025-03-01 12:12:39,82.146.26.72,16.141.122.119,HTTP,42523,25,DENY
2025-03-09 19:06:27,194.30.205.31,201.167.33.236,SSH,37223,80,DENY
2025-03-20 02:56:25,138.220.120.98,19.45.246.10,ICMP,35650,3306,DENY
2025-03-03 04:09:25,100.81.185.221,105.20.67.114,HTTP,45567,443,DENY
2025-03-26 03:16:56,78.151.20.253,230.199.47.27,DNS,59127,53,DENY
2025-03-08 21:16:44,171.180.50.57,0.59.235.65,UDP,41038,80,DENY
2025-03-08 17:17:27,161.91.17.155,228.3.95.119,SSH,54548,3306,DENY
2025-03-07 13:01:27,62.237.167.225,114.131.32.187,SSH,55750,3306,ALLOW
2025-03-03 08:35:42,50.229.250.106,254.239.194.43,ICMP,2368,3306,DENY
2025-03-20 03:33:22,177.158.188.70,75.161.225.0,ICMP,8039,3389,ALLOW
2025-03-23 18:55:54,250.103.240.82,48.111.80.55,TCP,28937,25,DENY
2025-03-13 04:52:54,5.60.249.242,56.143.65.87,TCP,19794,80,ALLOW
2025-03-21 15:18:41,218.51.230.132,194.244.169.57,ICMP,30550,22,DENY
2025-03-18 15:23:26,16.0.244.78,86.233.138.21,ICMP,30431,21,DENY
2025-03-17 20:53:11,154.218.15.242,33.128.222.139,SSH,39342,25,ALLOW
2025-03-27 04:24:09,237.235.61.253,101.99.128.65,HTTP,30264,3306,ALLOW
2025-03-11 08:17:26,81.33.35.238,161.223.85.148,DNS,43698,22,DENY
2025-02-25 14:06:02,69.164.0.31,246.50.214.127,TCP,59438,22,ALLOW
2025-03-10 19:27:14,230.209.115.243,95.97.185.27,UDP,30343,22,DENY
2025-03-05 08:53:31,147.46.200.140,12.199.151.168,SMTP,64517,3389,DENY
2025-02-27 19:40:04,155.104.190.173,108.227.17.157,TCP,8053,8080,DENY
2025-03-14 16:53:40,168.222.100.172,135.63.117.241,HTTPS,28103,3389,ALLOW
2025-03-17 00:23:58,118.215.157.127,104.72.37.18,HTTP,30890,53,DENY
2025-03-09 23:10:05,250.3.13.24,180.239.28.72,UDP,49065,443,DENY
2025-03-06 00:55:38,94.252.96.24,136.131.98.224,HTTPS,23293,8080,DENY
2025-03-18 11:06:34,149.113.126.197,34.197.3.46,ICMP,1091,53,ALLOW
2025-02-27 01:16:41,139.221.103.102,205.128.248.209,UDP,8637,22,DENY
2025-03-21 14:13:16,14.137.230.158,238.190.95.93,FTP,3781,80,DENY
2025-03-20 16:24:42,72.133.43.243,126.172.178.97,DNS,9877,53,DENY
2025-03-21 19:51:22,42.144.166.5,239.110.38.234,DNS,58162,5000,DENY
2025-03-28 01:43:23,32.248.211.216,202.231.41.24,HTTPS,36244,80,ALLOW
2025-03-16 18:44:56,143.139.39.14,189.208.4.214,TCP,2067,3306,DENY
2025-03-28 04:29:31,179.158.81.178,75.165.112.32,DNS,59420,25,ALLOW
2025-03-19 10:05:48,92.139.133.26,14.189.4.171,TCP,29712,25,DENY
2025-03-18 02:01:05,76.217.50.104,151.245.44.239,HTTPS,29428,8080,ALLOW
2025-03-03 07:54:12,91.87.155.17,176.252.150.95,HTTP,5822,5000,ALLOW
2025-03-06 20:09:19,86.51.136.239,232.64.253.57,UDP,5010,25,ALLOW
2025-03-23 23:48:51,81.70.181.1,56.200.227.32,DNS,40871,443,ALLOW
2025-03-17 19:48:16,130.146.120.37,11.130.243.104,TCP,38936,8080,ALLOW
2025-03-06 03:01:43,82.88.101.196,248.35.25.219,SSH,40530,25,ALLOW
2025-03-17 06:31:54,64.1.51.224,54.110.53.190,HTTP,46483,8080,DENY
2025-03-08 09:33:16,104.58.119.176,59.138.125.91,FTP,33818,8080,DENY
2025-03-02 00:07:11,208.190.20.216,46.31.177.150,UDP,19267,25,DENY
2025-03-25 14:21:31,71.219.45.138,76.206.207.189,ICMP,13913,21,ALLOW
2025-03-19 22:40:44,78.222.252.128,63.109.149.86,SMTP,39164,5000,ALLOW
2025-03-25 07:23:24,34.16.203.251,15.9.187.95,SSH,47256,3306,ALLOW
2025-03-09 01:32:01,153.66.188.229,165.222.150.160,SMTP,37655,80,DENY
2025-03-06 13:57:02,255.138.4.173,192.240.1.156,UDP,57905,80,ALLOW
2025-03-13 03:49:38,52.252.156.43,67.252.18.24,DNS,2590,21,DENY
2025-03-24 00:39:51,39.127.202.97,223.229.162.235,ICMP,60808,53,DENY
2025-03-01 17:55:54,250.231.199.38,40.229.167.219,FTP,2598,5000,DENY
2025-03-15 19:55:25,171.176.82.166,231.203.185.191,ICMP,49815,8080,ALLOW
2025-03-26 09:17:13,117.46.113.15,228.125.8.191,SSH,59681,8080,ALLOW
2025-03-12 11:33:30,24.68.238.255,80.49.69.153,FTP,7044,80,ALLOW
2025-03-19 14:41:09,225.92.109.201,73.68.236.21,HTTPS,12384,8080,DENY
2025-02-25 12:55:30,145.207.66.111,252.227.116.42,HTTPS,32561,8080,ALLOW
2025-03-13 15:27:31,41.167.131.243,22.223.81.111,FTP,41235,21,DENY
2025-03-05 03:21:01,142.139.59.231,78.226.21.108,SSH,15797,3389,DENY
2025-03-12 02:28:32,203.180.154.255,25.71.80.28,ICMP,33948,8080,DENY
2025-03-15 15:41:00,40.117.231.228,253.251.162.168,UDP,9631,25,ALLOW
2025-03-12 18:13:13,130.121.153.178,224.30.58.179,ICMP,65493,443,DENY
2025-03-09 04:24:41,200.198.191.233,238.71.28.115,HTTPS,11517,21,ALLOW
2025-02-28 05:38:34,214.90.12.114,113.145.163.59,DNS,27755,5000,ALLOW
2025-03-22 21:48:08,179.209.29.194,120.143.117.43,SMTP,27119,8080,DENY
2025-03-05 04:00:19,164.250.111.220,245.122.119.35,TCP,17792,22,DENY
2025-03-06 01:46:51,196.249.233.247,22.110.139.90,FTP,46879,3306,DENY
2025-02-28 16:23:10,103.204.167.116,49.179.104.81,UDP,8985,3306,DENY
2025-03-18 11:14:15,150.198.77.237,219.166.53.179,TCP,8374,25,DENY
2025-03-14 22:59:39,225.254.214.202,200.135.11.70,FTP,40138,3306,ALLOW
2025-03-26 14:43:10,100.59.132.10,1.246.150.74,UDP,60999,443,DENY
2025-03-23 01:39:19,198.184.155.245,239.241.45.200,ICMP,53849,22,ALLOW
2025-03-14 15:07:39,7.166.115.226,85.38.196.143,SSH,30974,5000,ALLOW
2025-03-09 12:17:51,64.7.6.131,134.6.199.219,SSH,35673,80,DENY
2025-03-18 21:38:03,7.131.73.131,173.121.69.132,FTP,24556,3389,DENY
2025-03-14 00:11:26,48.222.187.47,232.170.145.226,UDP,23828,21,DENY
2025-03-20 08:28:34,151.184.132.104,142.24.99.65,HTTP,39380,21,DENY
2025-03-20 09:16:01,40.118.179.177,182.51.55.25,SSH,57198,25,DENY
2025-03-26 18:08:28,134.0.44.228,70.209.167.192,FTP,8466,21,DENY
2025-03-16 14:19:47,30.99.176.212,141.5.38.168,TCP,15014,5000,DENY
2025-03-24 21:18:58,228.230.22.37,85.191.210.10,HTTP,26584,53,ALLOW
2025-03-15 16:30:07,241.121.126.226,14.103.216.91,ICMP,36560,53,DENY
2025-03-20 00:03:35,222.227.234.160,90.34.21.84,ICMP,11623,5000,ALLOW
2025-03-01 07:11:52,98.186.61.5,47.164.24.219,DNS,56435,5000,DENY
2025-03-26 12:57:39,74.214.206.34,104.35.167.207,SSH,52811,3306,ALLOW
2025-03-21 19:03:45,11.185.255.118,205.238.2.248,FTP,47176,8080,ALLOW
2025-02-28 07:29:57,85.97.51.247,226.72.31.160,HTTPS,9725,80,ALLOW
2025-03-22 15:43:32,79.221.200.186,17.194.108.4,HTTP,45614,80,DENY
2025-03-18 12:17:14,102.57.183.37,207.245.80.183,ICMP,3967,25,DENY
2025-03-19 04:51:00,47.26.85.2,147.228.28.19,FTP,64374,443,DENY
2025-03-07 00:22:36,226.53.36.109,14.18.210.81,FTP,54631,53,DENY
2025-02-25 17:52:27,62.110.204.103,237.216.187.131,UDP,37254,25,DENY
2025-03-11 23:24:34,45.98.160.48,188.86.220.136,SSH,38133,80,DENY
2025-03-20 06:53:20,157.10.41.170,250.182.95.144,TCP,31258,8080,ALLOW
2025-03-26 14:04:50,89.206.194.176,116.131.48.47,FTP,56344,3389,ALLOW
2025-03-04 07:39:50,129.207.18.109,25.2.20.44,HTTPS,61824,443,ALLOW
2025-03-11 04:38:13,105.28.232.36,2.46.183.212,UDP,12555,25,ALLOW
2025-03-28 06:03:17,152.114.165.24,207.155.230.203,SSH,31486,80,DENY
2025-03-09 06:05:17,137.61.196.220,159.91.123.148,SMTP,1857,5000,DENY
2025-03-04 00:47:10,11.213.96.198,146.105.224.7,ICMP,3331,3306,ALLOW
2025-03-23 03:47:08,138.98.164.78,7.27.235.138,DNS,49022,443,ALLOW
2025-03-11 16:24:14,231.222.236.68,223.132.180.3,HTTPS,22363,443,ALLOW
2025-03-14 05:57:52,193.86.176.26,40.237.240.147,TCP,36202,3389,DENY
2025-03-06 18:26:00,14.61.180.179,230.85.143.169,DNS,35329,5000,ALLOW
2025-03-25 14:22:29,187.59.214.139,90.98.173.188,UDP,8357,25,ALLOW
2025-03-12 08:41:20,165.47.136.46,29.177.117.101,DNS,3206,3306,ALLOW
2025-03-17 09:13:15,219.53.143.212,38.206.173.56,ICMP,25089,3389,ALLOW
2025-03-02 07:30:36,30.73.40.130,237.45.3.199,FTP,25158,3389,ALLOW
2025-03-06 17:20:49,189.208.5.20,116.107.52.113,SSH,23201,22,DENY
2025-03-20 14:28:23,208.151.16.191,169.77.179.237,UDP,45471,443,ALLOW
2025-03-24 08:46:24,40.55.222.191,123.162.180.207,HTTPS,14288,3389,DENY
2025-03-09 03:32:51,224.178.202.104,160.121.16.185,HTTP,30572,80,ALLOW
2025-03-07 08:36:30,75.156.124.129,147.238.193.251,HTTPS,56084,21,DENY
2025-03-14 14:13:03,125.170.252.56,171.16.180.131,FTP,17230,443,ALLOW
2025-03-18 23:16:00,247.249.97.175,38.237.135.146,TCP,15327,22,DENY
2025-03-01 01:16:23,90.25.52.37,35.163.13.150,SMTP,53811,443,DENY
2025-03-08 12:37:08,216.179.180.148,250.126.94.207,FTP,44230,80,ALLOW
2025-02-26 06:53:27,0.247.164.229,114.211.113.214,UDP,45011,53,ALLOW
2025-03-16 18:56:23,187.8.249.122,146.255.228.236,DNS,49076,22,DENY
2025-03-13 18:13:11,38.41.212.124,222.80.73.54,HTTP,64516,25,DENY
2025-03-13 23:10:17,220.168.201.98,126.247.34.182,SSH,47846,3389,DENY
2025-03-20 08:33:46,73.219.170.184,192.219.93.207,UDP,60739,443,ALLOW
2025-03-08 16:25:15,249.155.155.76,64.249.147.93,ICMP,32936,25,DENY
2025-03-05 05:13:36,31.199.125.216,67.60.183.210,ICMP,53609,5000,ALLOW
2025-03-04 15:29:33,64.80.101.96,27.187.50.149,UDP,57106,80,ALLOW
2025-03-27 12:24:03,169.174.237.104,25.32.22.30,HTTP,18315,53,ALLOW
2025-03-22 19:28:13,58.4.7.123,11.194.78.160,HTTPS,33770,21,DENY
2025-02-25 15:37:42,144.210.60.137,101.134.116.4,HTTP,39206,25,DENY
2025-03-09 11:33:03,186.13.141.149,162.197.187.160,FTP,19390,21,ALLOW
2025-03-28 02:15:05,167.182.14.5,156.31.13.236,ICMP,59445,443,DENY
2025-03-02 19:48:58,104.154.196.72,90.245.113.16,DNS,27418,80,ALLOW
2025-03-20 01:39:53,89.16.69.251,185.187.109.172,FTP,65315,3389,DENY
2025-03-04 01:26:02,207.140.234.128,14.193.130.28,SMTP,59486,5000,ALLOW
2025-03-04 00:00:50,139.152.141.86,171.65.213.229,UDP,39163,22,DENY
2025-03-05 18:38:13,71.182.23.193,162.6.48.68,FTP,50546,5000,ALLOW
2025-03-15 11:50:50,215.166.236.71,13.105.180.222,TCP,23690,21,DENY
2025-03-24 20:53:33,203.52.56.84,147.77.245.96,HTTPS,24555,53,ALLOW
2025-03-06 12:45:40,254.100.95.181,131.33.103.127,TCP,54765,21,ALLOW
2025-03-16 08:09:28,242.79.232.26,151.65.13.205,HTTPS,42124,8080,ALLOW
2025-02-28 05:48:03,135.87.159.233,157.155.148.20,FTP,20675,3306,DENY
2025-03-18 16:38:19,108.23.133.254,142.16.95.2,SMTP,30040,3306,ALLOW
2025-03-24 18:23:19,198.19.26.242,72.91.54.246,UDP,21458,80,DENY
2025-02-27 22:51:45,163.173.177.215,142.215.79.165,TCP,58022,80,DENY
2025-02-26 02:46:25,99.253.209.21,217.223.128.49,SSH,40719,5000,DENY
2025-03-13 20:42:49,179.46.21.80,250.23.136.244,FTP,32795,22,DENY
2025-03-22 22:08:49,72.100.123.17,119.19.198.54,DNS,5097,3306,DENY
2025-03-22 11:40:55,69.49.79.71,45.1.135.78,ICMP,46468,21,DENY
2025-03-21 08:05:14,253.70.156.190,200.63.157.83,TCP,20131,25,ALLOW
2025-03-16 19:22:51,43.117.108.233,124.19.50.164,ICMP,23170,22,DENY
2025-03-04 09:05:47,23.110.30.49,179.170.51.111,UDP,46633,21,DENY
2025-03-14 04:07:59,82.126.187.4,4.225.158.185,SSH,34802,22,DENY
2025-03-19 14:44:08,115.34.70.242,80.168.147.246,SSH,38625,3389,ALLOW
2025-03-20 17:49:27,215.33.0.240,101.85.6.208,SMTP,54853,3306,ALLOW
2025-03-09 16:37:26,147.55.254.155,133.39.60.110,SMTP,58511,5000,ALLOW
2025-03-01 11:50:55,120.6.133.238,92.1.234.231,HTTP,56048,5000,DENY
2025-03-27 08:39:58,148.132.22.17,78.3.68.144,TCP,45181,8080,ALLOW
2025-03-26 12:41:54,78.165.187.195,197.5.9.221,UDP,58693,25,DENY
2025-03-22 07:48:25,158.164.142.139,114.171.34.21,SMTP,40334,21,DENY
2025-03-25 13:16:06,110.149.214.37,126.152.53.195,HTTPS,19567,21,ALLOW
2025-03-01 04:35:47,10.180.175.100,185.174.132.164,FTP,58898,80,ALLOW
2025-02-25 19:25:48,241.160.15.5,54.70.156.22,TCP,10305,25,ALLOW
2025-03-03 11:20:23,18.250.12.37,10.222.127.250,HTTPS,36795,3389,ALLOW
2025-02-28 21:52:14,97.114.158.194,133.32.52.185,FTP,45938,25,DENY
2025-02-25 20:59:05,123.213.122.79,128.191.101.52,DNS,53691,21,ALLOW
2025-03-12 15:32:46,156.18.223.43,157.39.181.36,ICMP,4484,3306,ALLOW
2025-02-27 08:01:16,207.116.191.1,21.47.108.156,HTTPS,14813,53,DENY
2025-03-07 11:10:01,49.139.105.18,166.121.195.247,DNS,47328,443,DENY
2025-03-10 20:57:39,245.231.72.189,173.151.15.72,DNS,51875,80,DENY
2025-03-20 03:13:35,64.231.247.39,195.140.80.124,ICMP,13274,443,ALLOW
2025-03-06 08:19:52,113.47.237.219,246.195.6.120,HTTPS,24235,3306,DENY
2025-03-03 00:09:10,9.132.107.53,34.165.134.169,SMTP,26756,443,ALLOW
2025-03-12 15:06:54,41.190.41.230,80.249.229.211,FTP,35165,3306,DENY
2025-03-18 20:11:39,94.208.29.221,154.118.144.196,SMTP,1101,80,ALLOW
2025-03-12 13:19:15,70.74.118.148,90.171.59.95,SSH,25500,5000,DENY
2025-03-01 14:30:58,51.81.250.193,174.177.29.188,UDP,29267,8080,ALLOW
2025-03-14 22:27:10,49.6.69.211,26.82.182.254,DNS,64529,3306,ALLOW
2025-03-07 09:06:44,157.72.124.118,103.27.48.203,HTTPS,53363,3306,ALLOW
2025-03-19 02:32:01,101.62.165.247,148.88.25.183,ICMP,21361,3306,ALLOW
2025-03-28 05:21:20,188.57.159.0,29.200.242.28,FTP,22790,22,ALLOW
2025-03-01 18:12:43,200.143.135.0,73.66.201.158,DNS,53919,22,ALLOW
2025-03-27 15:27:58,22.206.214.247,11.224.53.225,SMTP,64877,3306,ALLOW
2025-03-11 02:10:39,166.19.5.100,52.73.187.57,HTTPS,25890,25,DENY
2025-03-16 19:06:20,201.206.43.126,240.29.148.98,HTTP,29953,3306,ALLOW
2025-03-07 13:22:23,197.33.92.255,182.146.107.242,SMTP,50703,22,DENY
2025-02-28 21:03:17,228.148.251.41,30.196.69.106,UDP,40850,8080,ALLOW
2025-03-25 06:47:36,140.184.134.117,203.225.203.251,FTP,61030,22,ALLOW
2025-03-25 06:23:49,16.56.41.184,219.216.151.62,FTP,36647,25,DENY
2025-03-01 01:27:59,12.6.221.7,99.9.163.203,DNS,41710,80,ALLOW
2025-03-05 11:31:21,253.243.35.83,198.96.158.71,HTTPS,48113,53,ALLOW
2025-03-17 20:37:41,159.84.135.138,175.182.154.28,SMTP,30031,3389,DENY
2025-02-27 03:04:03,255.184.250.106,233.209.255.179,HTTPS,61634,5000,ALLOW
2025-03-23 19:10:13,64.142.145.220,136.26.176.133,HTTP,31207,80,DENY
2025-02-25 08:57:54,183.63.26.18,198.6.207.3,ICMP,41283,443,ALLOW
2025-03-25 11:38:37,241.60.129.71,232.182.174.189,TCP,38396,25,DENY
2025-03-15 08:03:19,13.137.37.185,70.153.207.84,HTTP,16173,8080,DENY
2025-03-02 00:29:17,148.195.108.8,63.129.162.58,ICMP,58224,53,ALLOW
2025-03-11 04:37:26,25.251.107.90,110.74.162.20,HTTPS,3369,22,ALLOW
2025-03-04 00:39:22,248.250.143.118,46.203.158.223,SMTP,17446,8080,DENY
2025-03-11 09:32:36,240.164.114.222,95.38.202.209,ICMP,17594,3389,ALLOW
2025-03-14 07:54:40,20.109.86.44,228.178.164.211,SSH,48170,22,DENY
2025-03-15 03:17:58,177.96.235.69,252.229.193.169,HTTP,63372,21,ALLOW
2025-03-15 14:11:00,15.251.225.137,112.56.12.64,ICMP,16718,80,DENY
2025-03-14 08:44:25,158.211.161.40,254.107.90.248,DNS,3288,53,DENY
2025-03-23 12:45:31,187.153.146.116,248.198.20.102,SSH,53798,21,ALLOW
2025-02-28 12:13:18,5.236.211.18,193.215.211.194,DNS,47725,80,ALLOW
2025-03-18 18:18:53,137.133.228.196,203.11.76.63,HTTP,23438,8080,ALLOW
2025-03-25 13:38:57,103.10.143.9,195.235.90.143,SSH,16169,80,ALLOW
2025-03-23 14:34:04,115.56.208.164,247.32.140.111,SSH,44572,53,DENY
2025-02-28 04:11:30,195.159.60.213,163.20.232.186,HTTP,60602,443,DENY
2025-03-27 01:01:34,216.131.56.234,218.203.82.28,HTTPS,15888,5000,ALLOW
2025-03-22 12:06:23,170.165.15.161,221.177.206.218,ICMP,57173,25,DENY
2025-03-12 13:39:09,7.98.249.92,16.170.105.238,ICMP,28391,8080,ALLOW
2025-02-26 11:48:53,157.162.106.190,60.98.132.46,SSH,28971,21,ALLOW
2025-03-13 07:12:08,141.81.116.190,234.190.110.167,SSH,1403,3389,DENY
2025-03-24 04:31:19,104.66.140.244,50.63.125.72,SMTP,2055,22,DENY
2025-03-07 22:32:54,185.101.230.99,193.73.129.220,HTTPS,25984,80,ALLOW
2025-03-26 22:08:44,149.154.171.113,21.111.94.251,SSH,39396,25,ALLOW
2025-03-09 03:22:55,188.32.135.130,102.206.206.170,SMTP,4766,53,DENY
2025-03-01 14:48:42,152.157.69.113,62.192.238.183,TCP,29947,22,ALLOW
2025-03-10 15:00:14,85.62.7.97,75.149.90.12,DNS,55894,25,ALLOW
2025-03-09 06:46:38,84.161.8.124,46.238.155.73,HTTP,31026,80,DENY
2025-03-25 14:20:14,121.143.84.252,240.36.55.122,DNS,20014,3306,DENY
2025-03-26 09:41:33,124.66.42.119,149.226.104.186,FTP,65039,53,DENY
2025-03-10 04:28:54,24.236.90.100,147.59.25.167,SSH,55788,53,DENY
2025-03-25 01:40:11,94.189.255.152,173.41.41.46,DNS,36606,443,DENY
2025-03-03 23:25:51,129.197.137.77,220.227.237.227,SMTP,49601,25,ALLOW
2025-03-11 14:58:40,115.183.168.250,197.60.114.237,UDP,47738,22,ALLOW
2025-03-21 22:05:29,128.239.120.142,234.143.242.17,HTTP,19068,8080,DENY
2025-03-12 11:22:52,62.166.3.76,95.57.226.73,HTTPS,56853,5000,DENY
2025-03-16 03:29:22,83.217.23.87,122.167.56.231,DNS,44669,25,DENY
2025-03-23 08:16:01,190.20.151.206,231.119.165.66,HTTP,9220,80,ALLOW
2025-03-18 10:28:40,212.34.21.11,177.177.209.208,HTTP,11819,3389,DENY
2025-03-04 05:14:58,223.44.70.116,91.206.3.109,DNS,17865,22,ALLOW
2025-03-13 07:58:37,140.39.82.152,199.63.178.128,HTTPS,11447,21,ALLOW
2025-02-28 11:25:59,182.144.178.231,155.63.47.36,SSH,49459,22,DENY
2025-03-28 07:08:53,113.28.7.120,81.233.202.24,SSH,16970,21,ALLOW
2025-03-13 18:12:18,94.112.35.112,53.248.116.189,SMTP,13722,21,ALLOW
2025-03-18 23:24:08,67.27.104.116,168.78.33.3,SMTP,25272,53,DENY
2025-03-19 11:21:27,15.216.6.195,160.130.173.237,HTTP,5871,25,DENY
2025-02-25 09:11:32,176.139.98.212,200.65.213.93,SSH,43404,443,ALLOW
2025-02-25 21:57:36,33.98.118.129,235.225.151.161,HTTP,13949,3389,DENY
2025-03-07 03:05:36,176.116.200.144,73.60.112.130,DNS,4581,5000,DENY
2025-03-10 21:19:57,144.39.170.46,88.227.242.157,FTP,38709,53,ALLOW
2025-02-25 12:33:34,136.166.239.206,36.44.8.229,DNS,27242,22,ALLOW
2025-03-11 11:33:36,14.154.247.22,204.147.124.177,FTP,53380,5000,DENY
2025-03-23 15:48:32,198.120.214.183,225.79.118.238,TCP,4055,3389,DENY
2025-03-26 04:46:26,135.65.124.104,244.100.188.106,HTTP,31021,8080,ALLOW
2025-02-27 11:22:04,31.130.186.133,110.149.173.190,FTP,48672,3389,ALLOW
2025-03-07 07:31:22,250.186.36.95,207.108.236.48,SSH,4648,5000,ALLOW
2025-03-03 00:34:45,82.197.225.252,151.149.181.233,HTTP,47841,25,ALLOW
2025-03-10 16:46:29,157.4.81.44,125.243.245.249,UDP,62932,53,ALLOW
2025-03-26 21:24:22,191.160.1.152,77.99.237.228,HTTPS,32092,25,ALLOW
2025-03-12 11:16:09,157.177.253.48,181.181.103.247,HTTPS,28127,5000,ALLOW
2025-03-18 09:46:15,42.167.105.194,107.135.80.147,SSH,32061,21,ALLOW
2025-03-23 06:45:52,194.216.28.163,109.141.47.210,DNS,41866,53,DENY
2025-03-08 05:37:17,147.185.104.187,127.95.196.187,HTTP,43232,53,DENY
2025-03-05 14:36:21,158.24.52.82,43.84.144.75,DNS,52924,21,DENY
2025-03-15 00:23:45,236.116.181.148,144.1.102.205,HTTPS,14309,22,ALLOW
2025-03-22 03:31:02,183.28.44.44,8.41.116.236,HTTPS,7253,5000,ALLOW
2025-03-25 22:32:25,0.197.141.70,100.241.13.222,UDP,33118,5000,DENY
2025-03-17 09:56:22,115.251.44.97,146.122.228.181,SSH,4046,21,DENY
2025-02-26 08:15:59,216.235.161.249,183.78.1.251,FTP,16755,53,ALLOW
2025-03-19 19:15:57,117.142.8.177,130.96.11.33,HTTPS,34887,5000,ALLOW
2025-03-23 01:28:19,8.34.9.128,73.168.78.234,SMTP,1181,5000,DENY
2025-03-15 12:45:21,255.46.2.96,229.167.209.102,SSH,35231,80,DENY
2025-03-11 23:49:51,25.226.43.203,103.253.59.69,FTP,41631,80,ALLOW
2025-03-16 20:30:24,101.13.243.17,153.76.160.137,ICMP,53781,3306,DENY
2025-03-27 19:21:26,174.66.204.202,75.250.71.107,HTTPS,57273,53,DENY
2025-03-25 03:37:24,202.163.112.107,34.252.26.25,HTTPS,8600,22,ALLOW
2025-03-24 07:54:57,154.207.99.215,249.250.57.1,SSH,25126,21,DENY
2025-03-16 06:14:16,146.39.184.45,148.99.85.85,HTTPS,2014,3306,DENY
2025-03-20 07:35:20,197.254.182.195,94.189.203.221,FTP,18565,80,DENY
2025-03-06 02:20:33,176.98.239.20,148.71.50.211,HTTP,28222,3389,DENY
2025-03-06 23:09:12,187.162.80.252,105.234.19.46,HTTPS,37922,80,ALLOW
2025-03-20 06:19:12,180.107.151.238,183.119.99.149,HTTP,59753,8080,ALLOW
2025-02-27 16:31:19,41.67.175.118,175.2.120.242,HTTP,6758,3306,ALLOW
2025-03-25 21:20:11,139.218.45.142,18.84.166.58,DNS,22340,3306,ALLOW
2025-03-08 07:45:36,144.121.109.238,114.222.112.170,HTTPS,42402,3389,ALLOW
2025-03-26 18:54:56,120.142.182.144,240.238.36.138,FTP,28119,25,ALLOW
2025-03-26 07:46:04,216.119.11.113,14.237.48.246,FTP,3867,3306,ALLOW
2025-02-26 07:00:20,230.252.91.7,43.97.120.212,HTTPS,18045,443,ALLOW
2025-03-10 23:04:21,229.148.80.172,110.77.138.152,DNS,29686,22,DENY
2025-03-01 18:01:36,148.220.175.66,235.69.166.89,ICMP,10836,22,ALLOW
2025-03-05 06:16:29,51.175.254.44,15.224.136.203,HTTPS,3930,21,DENY
2025-03-07 12:45:26,165.139.34.73,158.103.45.141,UDP,19513,80,ALLOW
2025-03-02 21:37:27,231.21.5.81,157.96.121.18,DNS,58711,21,ALLOW
2025-03-17 22:27:21,166.184.42.151,98.18.76.193,HTTPS,42850,3389,ALLOW
2025-03-17 20:58:52,214.138.60.229,170.46.114.8,ICMP,19333,53,ALLOW
2025-03-08 19:07:02,177.2.102.168,107.51.97.36,UDP,8207,5000,ALLOW
2025-03-10 17:17:29,15.230.230.27,21.242.78.249,SSH,23773,21,ALLOW
2025-03-15 18:08:05,248.74.172.131,157.152.155.44,TCP,30851,3306,ALLOW
2025-03-15 08:12:35,160.190.67.181,71.183.32.65,DNS,4430,22,ALLOW
2025-03-07 19:03:03,242.86.63.63,12.187.207.120,SMTP,13734,8080,DENY
2025-03-19 12:17:42,52.220.165.172,10.153.28.240,ICMP,24092,3389,ALLOW
2025-03-13 20:44:27,177.7.2.224,44.40.41.37,ICMP,40266,3389,DENY
2025-03-16 00:16:07,155.126.232.144,171.138.73.242,FTP,33312,3389,DENY
2025-03-20 02:01:00,212.58.143.149,37.232.129.44,HTTP,36444,3389,DENY
2025-03-22 19:21:56,53.163.85.82,56.219.95.159,HTTP,13009,8080,ALLOW
2025-03-14 02:32:50,22.71.44.190,166.95.151.205,UDP,24963,5000,ALLOW
2025-03-02 12:48:27,121.65.171.90,215.231.89.73,SSH,38390,3389,ALLOW
2025-03-03 09:50:23,4.228.72.159,16.242.182.186,ICMP,23946,22,ALLOW
2025-03-14 05:26:24,168.28.39.182,83.180.4.155,ICMP,8776,21,ALLOW
2025-03-24 06:25:35,56.105.15.12,200.56.180.187,FTP,44721,80,ALLOW
2025-03-05 06:16:47,41.3.233.61,140.133.168.61,UDP,11421,443,ALLOW
2025-03-16 17:45:23,84.173.106.87,249.104.191.209,HTTPS,14772,80,DENY
2025-03-03 19:47:01,179.230.154.124,120.97.24.228,UDP,37798,443,DENY
2025-03-21 17:39:09,50.252.224.91,150.15.189.208,HTTPS,17865,53,ALLOW
2025-03-16 04:49:34,193.178.156.142,58.80.213.146,ICMP,19521,443,ALLOW
2025-03-03 20:53:02,185.9.4.12,200.120.41.82,SMTP,11616,53,ALLOW
2025-02-28 14:06:26,223.16.200.136,117.162.113.48,ICMP,54412,21,DENY
2025-03-16 18:16:35,207.23.213.238,203.236.138.76,HTTP,24442,53,ALLOW
2025-03-23 22:11:30,113.26.7.179,252.18.160.196,TCP,45241,21,ALLOW
2025-03-21 22:21:27,96.40.204.129,239.163.111.85,DNS,35668,5000,ALLOW
2025-03-08 23:23:23,186.0.233.160,247.24.77.194,ICMP,54714,80,ALLOW
2025-02-27 21:24:49,219.63.184.49,174.31.169.61,HTTPS,24262,8080,DENY
2025-03-12 17:25:49,36.140.208.10,28.247.215.167,ICMP,34210,5000,DENY
2025-03-24 22:42:09,195.63.83.216,198.133.6.85,TCP,22474,5000,DENY
2025-03-09 16:11:21,60.234.21.170,148.57.91.68,DNS,51396,443,DENY
2025-03-17 23:48:20,130.233.221.189,108.192.139.70,FTP,2458,21,DENY
2025-03-24 11:08:37,34.243.159.54,84.19.87.199,UDP,4058,443,DENY
2025-03-04 16:16:37,167.110.97.170,96.4.148.232,SMTP,52853,3389,DENY
2025-03-14 16:53:44,62.108.214.235,65.204.163.154,UDP,54748,443,ALLOW
2025-03-01 15:42:33,235.127.170.23,207.20.125.133,SSH,34286,5000,ALLOW
2025-03-28 03:41:09,38.127.59.175,8.80.39.125,SSH,26311,8080,ALLOW
2025-03-05 10:15:38,237.54.0.141,157.0.235.106,SSH,20811,8080,DENY
2025-03-03 20:57:38,51.176.109.112,49.204.5.253,SSH,17181,3389,ALLOW
2025-03-07 21:34:26,13.201.112.183,228.160.235.179,HTTP,15173,21,DENY
2025-02-28 07:57:30,152.196.32.200,115.242.166.27,HTTPS,42409,443,DENY
2025-03-16 16:12:44,245.128.254.123,110.242.91.187,HTTP,1927,3306,DENY
2025-03-28 03:59:07,204.54.253.178,148.57.130.185,UDP,37697,443,ALLOW
2025-02-28 15:42:38,196.28.49.68,113.253.219.97,HTTP,13845,21,DENY
2025-03-09 09:47:11,57.31.162.71,82.113.230.159,HTTPS,14662,25,ALLOW
2025-03-02 13:27:51,249.44.30.209,120.176.17.201,UDP,11417,22,ALLOW
2025-03-21 13:22:31,154.165.160.87,138.105.4.0,HTTP,42830,21,DENY
2025-03-02 23:32:42,186.157.241.236,190.20.146.61,ICMP,36370,25,ALLOW
2025-02-28 23:29:21,232.218.88.0,180.71.22.2,TCP,2934,8080,ALLOW
2025-03-03 06:32:57,115.17.209.72,152.25.150.81,HTTP,49188,3389,DENY
2025-03-09 14:58:41,74.157.68.21,106.169.234.62,ICMP,65216,53,ALLOW
2025-03-18 09:14:52,74.47.130.130,247.220.195.253,UDP,40743,25,DENY
2025-03-25 17:07:44,49.26.145.95,56.83.95.75,HTTPS,62879,53,DENY
2025-03-12 02:15:34,162.177.117.188,240.131.2.19,HTTPS,57237,3389,ALLOW
2025-03-28 03:06:13,70.110.69.102,224.113.190.25,UDP,36289,5000,ALLOW
2025-02-26 02:27:35,3.222.68.165,33.114.188.247,FTP,60267,8080,DENY
2025-03-02 21:34:20,214.151.69.66,23.94.177.168,HTTPS,29948,80,ALLOW
2025-03-25 17:04:16,61.160.223.255,130.148.81.125,HTTPS,18859,21,DENY
2025-03-04 06:44:19,89.136.92.235,133.147.17.38,HTTP,36603,5000,DENY
2025-03-09 08:14:10,205.101.81.30,147.235.105.101,ICMP,51266,5000,DENY
2025-03-27 03:19:20,210.162.189.175,129.139.186.38,FTP,63520,80,DENY
2025-03-12 19:03:29,191.161.29.189,238.126.7.253,SMTP,37147,53,DENY
2025-03-02 09:39:17,190.25.214.184,29.86.237.148,HTTPS,38967,80,DENY
2025-03-02 04:33:06,56.214.143.169,90.194.147.55,HTTP,7823,21,DENY
2025-03-22 07:21:50,250.78.153.44,251.159.244.43,SMTP,61535,21,ALLOW
2025-03-05 10:51:02,138.97.109.235,108.126.247.31,SMTP,19158,80,DENY
2025-03-19 11:49:37,121.214.85.178,194.118.235.102,FTP,46263,53,ALLOW
2025-03-01 02:17:24,195.91.253.46,139.246.15.67,SSH,22855,443,ALLOW
2025-03-11 11:39:03,124.225.63.39,56.117.170.61,SSH,39964,3389,DENY
2025-03-02 06:14:12,126.88.94.148,18.237.93.42,TCP,51476,3389,DENY
2025-02-26 19:41:42,67.239.198.247,7.214.195.165,DNS,57668,21,ALLOW
2025-03-23 05:37:48,206.97.142.47,43.215.78.83,TCP,63858,80,DENY
2025-03-10 09:09:49,111.249.116.118,55.117.9.39,HTTPS,60449,8080,ALLOW
2025-03-05 05:55:23,53.204.73.254,42.168.189.51,TCP,64541,25,DENY
2025-03-07 19:51:36,27.40.6.167,120.9.103.203,SMTP,33441,22,ALLOW
2025-03-17 18:38:32,181.96.182.149,114.219.139.98,TCP,13514,3389,ALLOW
2025-03-23 19:50:21,187.235.172.48,144.253.172.123,ICMP,47366,25,DENY
2025-03-17 04:55:15,103.180.216.107,53.36.170.163,DNS,17656,443,DENY
2025-03-16 07:51:29,254.191.231.234,44.78.47.76,SMTP,62072,25,ALLOW
2025-02-28 16:33:23,120.144.23.43,79.107.164.145,HTTP,51434,22,ALLOW
2025-03-27 02:55:00,46.31.90.0,222.227.158.215,UDP,9772,80,ALLOW
2025-03-19 06:55:04,243.143.230.255,61.99.44.232,TCP,2625,8080,DENY
2025-03-10 02:58:02,96.26.209.3,97.231.182.202,FTP,45730,80,DENY
2025-03-20 22:48:57,222.66.251.148,91.19.233.182,UDP,28744,25,ALLOW
2025-03-09 15:44:42,29.155.196.232,37.79.26.154,UDP,11637,53,ALLOW
2025-02-26 04:38:10,101.207.192.99,222.146.153.170,HTTPS,42498,3306,ALLOW
2025-02-26 21:48:34,254.99.183.7,207.135.74.21,SMTP,17164,22,DENY
2025-03-23 11:07:08,40.53.65.243,76.73.104.172,UDP,21384,443,ALLOW
2025-02-25 16:37:41,206.134.251.205,74.67.175.224,HTTPS,41455,80,ALLOW
2025-02-28 12:38:47,176.239.229.191,247.149.19.45,FTP,1445,21,DENY
2025-03-02 23:12:58,190.17.104.25,14.145.55.71,FTP,13997,3389,DENY
2025-02-27 18:23:33,33.235.129.82,153.80.48.99,SSH,3780,5000,DENY
2025-03-22 05:36:59,131.133.200.154,38.193.140.213,DNS,20553,3389,DENY
2025-03-04 15:44:55,52.160.61.200,235.209.89.91,ICMP,12509,8080,DENY
2025-03-14 18:30:37,45.89.158.28,49.241.188.109,ICMP,51467,22,DENY
2025-03-12 12:33:36,200.47.122.65,132.247.165.253,TCP,14372,8080,ALLOW
2025-03-09 05:55:09,128.54.31.56,64.1.132.145,TCP,40684,22,ALLOW
2025-03-14 09:00:06,127.225.27.13,151.1.182.36,SMTP,32887,22,ALLOW
2025-03-23 00:29:13,95.44.173.4,29.163.52.223,HTTP,52745,22,ALLOW
2025-03-24 05:16:13,113.170.126.24,105.133.241.164,TCP,42923,3306,ALLOW
2025-02-28 12:04:38,178.78.100.154,210.38.243.48,FTP,11930,25,ALLOW
2025-02-27 13:35:48,61.24.128.77,94.250.227.65,SSH,60075,53,ALLOW
2025-03-15 08:40:23,80.2.183.169,122.200.212.196,TCP,15437,8080,DENY
2025-03-17 08:59:58,130.121.182.124,147.145.244.10,DNS,59567,80,ALLOW
2025-03-08 01:45:50,102.191.117.225,196.235.62.96,DNS,2728,5000,ALLOW
2025-03-07 05:52:42,154.66.214.20,134.215.223.18,UDP,49546,8080,DENY
2025-03-27 10:37:24,188.189.17.169,145.139.29.249,HTTP,48992,3389,DENY
2025-03-09 07:27:18,56.241.81.194,250.140.106.100,HTTPS,29615,5000,ALLOW
2025-03-26 07:42:16,85.168.221.25,52.7.210.110,SSH,17431,5000,DENY
2025-03-09 10:17:58,105.55.113.177,129.37.44.99,FTP,4879,8080,DENY
2025-02-26 22:54:22,83.9.249.83,195.83.90.69,TCP,18693,21,ALLOW
2025-03-13 06:05:02,115.101.147.235,11.81.169.164,SSH,43773,8080,DENY
2025-03-10 21:01:35,24.81.111.209,199.236.11.44,DNS,60721,53,DENY
2025-03-27 15:24:24,105.66.17.220,64.14.216.14,SSH,36169,3389,ALLOW
2025-03-14 21:26:47,193.24.12.150,76.7.55.155,SMTP,34400,53,DENY
2025-03-09 04:09:37,44.3.199.157,58.194.6.99,SMTP,2802,5000,ALLOW
2025-02-28 13:42:07,148.188.118.255,16.70.237.9,ICMP,49260,8080,ALLOW
